"","Status","Exposure.Location","Street","Suburb","Date","Arrival.Time","Departure.Time","Contact","lat","lon","doubles","moved","colsN","conDate","locName","datNum","weekname","contactcount"
"1","New","Coles Express Belconnen","Lathlain Street and Wignall Place","Belconnen","19/09/2021 - Sunday",07:10:00,07:50:00,"Monitor",-35.242649,149.064036,NA,FALSE,"blue",2021-09-19,"Belconnen",19,38,28
"2","New","Coles Express Phillip","172 Melrose Drive","Phillip","18/09/2021 - Saturday",07:25:00,08:00:00,"Monitor",-35.3500068,149.0851637,NA,FALSE,"blue",2021-09-18,"Phillip",18,38,18
"3",NA,"Bus Route 5 Transport Canberra Code BUS496","Woden Interchange to City Interchange","Public Transport","18/09/2021 - Saturday",11:06:00,11:22:00,"Casual",-35.3444429,149.0872442,NA,FALSE,"yellow",2021-09-18,"Public Transport",18,38,54
"4","New","Bus Route 9 Transport Canberra Code BUS353","Dickson Interchange to Watson","Public Transport","17/09/2021 - Friday",17:31:00,17:42:00,"Casual",-35.250558,149.133814,NA,FALSE,"yellow",2021-09-17,"Public Transport",17,38,54
"5","New","Coles Express Belconnen","Lathlain Street and Wignall Place","Belconnen","17/09/2021 - Friday",06:50:00,07:30:00,"Monitor",-35.242649,149.063986,NA,FALSE,"blue",2021-09-17,"Belconnen",17,38,28
"6","New","KFC Woden","48 Botany Street","Phillip","17/09/2021 - Friday",11:10:00,12:00:00,"Monitor",-35.3493546,149.0887519,NA,FALSE,"blue",2021-09-17,"Phillip",17,38,18
"7",NA,"City Family Practice","161 London Circuit","Canberra City","17/09/2021 - Friday",11:00:00,12:30:00,"Casual",-35.280178,149.13124,NA,FALSE,"yellow",2021-09-17,"Canberra City",17,38,29
"8",NA,"The Pharmacy on Petrie","148 Bunda Street","Canberra City","17/09/2021 - Friday",12:30:00,13:00:00,"Monitor",-35.2788096,149.1335576,NA,FALSE,"blue",2021-09-17,"Canberra City",17,38,29
"9","New","Bus Route 2 Transport Canberra Code BUS358","City Interchange to Kippax","Public Transport","16/09/2021 - Thursday",12:06:00,12:38:00,"Casual",-35.2784467,149.1304544,"<strong/>!Location has more than<br> one entry. Zoom in and search table!</strong/>",TRUE,"yellow",2021-09-16,"Public Transport",16,37,54
"10","New","Bus Route 2 Transport Canberra Code BUS700","Kippax to City Interchange","Public Transport","16/09/2021 - Thursday",11:03:00,11:36:00,"Casual",-35.2785115,149.1303359,NA,FALSE,"yellow",2021-09-16,"Public Transport",16,37,54
"11","New","Coles Express Dickson","30-34 Antill Street","Dickson","16/09/2021 - Thursday",06:50:00,07:30:00,"Monitor",-35.2490871,149.137626,NA,FALSE,"blue",2021-09-16,"Dickson",16,37,6
"12","New","McDonald's Tuggeranong","Cowlishaw Street","Greenway","16/09/2021 - Thursday",08:30:00,09:20:00,"Monitor",-35.4154799,149.0699407,NA,FALSE,"blue",2021-09-16,"Greenway",16,37,12
"13",NA,"Coles Canberra Centre","Canberra Centre, 148 Bunda Street","Canberra City","16/09/2021 - Thursday",12:50:00,13:30:00,"Monitor",-35.2802271,149.1333809,NA,FALSE,"blue",2021-09-16,"Canberra City",16,37,29
"14",NA,"Coles Wanniassa","12 Sangster Place","Wanniassa","16/09/2021 - Thursday",14:10:00,14:35:00,"Casual",-35.3912889,149.0854972,NA,FALSE,"yellow",2021-09-16,"Wanniassa",16,37,17
"15",NA,"Friendly Grocer Hughes","16 Hughes Place","Hughes","16/09/2021 - Thursday",10:00:00,11:00:00,"Monitor",-35.3335607,149.0937634,NA,FALSE,"blue",2021-09-16,"Hughes",16,37,2
"16",NA,"Friendly Grocer Hughes","16 Hughes Place","Hughes","16/09/2021 - Thursday",17:00:00,18:00:00,"Monitor",-35.3335607,149.0937134,NA,FALSE,"blue",2021-09-16,"Hughes",16,37,2
"17",NA,"Watson Pharmacy","1 Watson Place","Watson","16/09/2021 - Thursday",10:30:00,11:30:00,"Monitor",-35.239029,149.153282,NA,FALSE,"blue",2021-09-16,"Watson",16,37,4
"18",NA,"Woolworths Kambah","2 Primmer Court","Kambah","16/09/2021 - Thursday",15:45:00,16:15:00,"Monitor",-35.3801801,149.0572947,NA,FALSE,"blue",2021-09-16,"Kambah",16,37,4
"19",NA,"Yarra Rossa Construction Site","51 Hicks Street","Red Hill","16/09/2021 - Thursday",07:00:00,10:30:00,"Casual",-35.3380861,149.1284444,NA,FALSE,"yellow",2021-09-16,"Red Hill",16,37,3
"20","New","Chemist Warehouse Majura Park","Majura Park Shopping Centre, 18/26 Spitfire Avenue","Canberra Airport","16/09/2021 - Thursday",15:10:00,16:00:00,"Monitor",-35.2985101,149.1907314,NA,FALSE,"blue",2021-09-16,"Canberra Airport",16,37,7
"21","New","Woolworths Conder","Lanyon Marketplace, 4 Sidney Nolan Street","Conder","16/09/2021 - Thursday",07:00:00,12:00:00,"Monitor",-35.457644,149.092436,NA,FALSE,"blue",2021-09-16,"Conder",16,37,25
"22","New","Bus Route 28 Transport Canberra Code BUS463","Casey to Gungahlin Interchange","Public Transport","15/09/2021 - Wednesday",20:29:00,20:43:00,"Casual",-35.2809368,149.1300842,"<strong/>!Location has more than<br> one entry. Zoom in and search table!</strong/>",TRUE,"yellow",2021-09-15,"Public Transport",15,37,54
"23","New","Bus Route 28 Transport Canberra Code BUS593","Gungahlin Interchange to Casey","Public Transport","15/09/2021 - Wednesday",18:44:00,18:58:00,"Casual",-35.2809368,149.1300342,"<strong/>!Location has more than<br> one entry. Zoom in and search table!</strong/>",TRUE,"yellow",2021-09-15,"Public Transport",15,37,54
"24","New","Bus Route 9 Transport Canberra Code BUS323","Watson Shops to Dickson Interchange","Public Transport","15/09/2021 - Wednesday",17:56:00,18:02:00,"Casual",-35.250558,149.133764,NA,FALSE,"yellow",2021-09-15,"Public Transport",15,37,54
"25","New","Bus Route 9 Transport Canberra Code BUS595","Watson Shops to Watson (Knox Street)","Public Transport","15/09/2021 - Wednesday",21:48:00,21:49:00,"Casual",-35.2386182,149.1544978,NA,FALSE,"yellow",2021-09-15,"Public Transport",15,37,54
"26","New","Light Rail Route 1 Transport Canberra Code LRV008","Gungahlin Interchange to Phillip Avenue","Public Transport","15/09/2021 - Wednesday",20:45:00,20:59:00,"Casual",-35.2215922,149.1403199,NA,FALSE,"yellow",2021-09-15,"Public Transport",15,37,54
"27","New","Woolworths Kippax","Kippax Fair Shopping Centre, 26 Hardwick Crescent","Holt","15/09/2021 - Wednesday",19:40:00,20:20:00,"Monitor",-35.2218013,149.0194363,"<strong/>!Location has more than<br> one entry. Zoom in and search table!</strong/>",TRUE,"blue",2021-09-15,"Holt",15,37,13
"28","New","Woolworths Kippax","Kippax Fair Shopping Centre, 26 Hardwick Crescent","Holt","15/09/2021 - Wednesday",20:25:00,21:00:00,"Monitor",-35.2218013,149.0193863,"<strong/>!Location has more than<br> one entry. Zoom in and search table!</strong/>",TRUE,"blue",2021-09-15,"Holt",15,37,13
"29",NA,"Abode Woden","10 Bowes Street","Phillip","15/09/2021 - Wednesday",00:00:00,23:59:00,"Monitor",-35.3433861,149.0860964,NA,FALSE,"blue",2021-09-15,"Phillip",15,37,18
"30",NA,"B&B Emporium","Kaleen Plaza, Georgina Crescent","Kaleen","15/09/2021 - Wednesday",16:10:00,16:45:00,"Monitor",-35.2202159,149.1033936,NA,FALSE,"blue",2021-09-15,"Kaleen",15,37,6
"31",NA,"Busy Bees at Crace","44 Hillcrest Street","Crace","15/09/2021 - Wednesday",08:45:00,14:30:00,"Casual",-35.2029196,149.1074833,NA,FALSE,"yellow",2021-09-15,"Crace",15,37,3
"32",NA,"Caremore Pharmacy Kippax","8 Hardwick Crescent","Holt","15/09/2021 - Wednesday",13:00:00,13:40:00,"Monitor",-35.221893,149.0195783,NA,FALSE,"blue",2021-09-15,"Holt",15,37,13
"33",NA,"Coles Express Gungahlin","1 Ginn Street","Gungahlin","15/09/2021 - Wednesday",18:20:00,19:00:00,"Monitor",-35.1834139,149.1268738,"<strong/>!Location has more than<br> one entry. Zoom in and search table!</strong/>",TRUE,"blue",2021-09-15,"Gungahlin",15,37,24
"34",NA,"Coles Express Gungahlin","1 Ginn Street","Gungahlin","15/09/2021 - Wednesday",18:20:00,19:00:00,"Monitor",-35.1834139,149.1268488,"<strong/>!Location has more than<br> one entry. Zoom in and search table!</strong/>",TRUE,"blue",2021-09-15,"Gungahlin",15,37,24
"35",NA,"Coles Express Gungahlin","1 Ginn Street","Gungahlin","15/09/2021 - Wednesday",18:20:00,19:00:00,"Monitor",-35.1834139,149.1268488,"<strong/>!Location has more than<br> one entry. Zoom in and search table!</strong/>",TRUE,"blue",2021-09-15,"Gungahlin",15,37,24
"36",NA,"Coles Express Gungahlin","1 Ginn Street","Gungahlin","15/09/2021 - Wednesday",18:20:00,19:00:00,"Monitor",-35.1834139,149.1267988,"<strong/>!Location has more than<br> one entry. Zoom in and search table!</strong/>",TRUE,"blue",2021-09-15,"Gungahlin",15,37,24
"37",NA,"Coles Express Gungahlin","1 Ginn Street","Gungahlin","15/09/2021 - Wednesday",18:20:00,19:00:00,"Monitor",-35.1834139,149.1268238,"<strong/>!Location has more than<br> one entry. Zoom in and search table!</strong/>",TRUE,"blue",2021-09-15,"Gungahlin",15,37,24
"38",NA,"Coles Express Gungahlin","1 Ginn Street","Gungahlin","15/09/2021 - Wednesday",18:20:00,19:00:00,"Monitor",-35.1834139,149.1267988,"<strong/>!Location has more than<br> one entry. Zoom in and search table!</strong/>",TRUE,"blue",2021-09-15,"Gungahlin",15,37,24
"39",NA,"Coles Express Gungahlin","1 Ginn Street","Gungahlin","15/09/2021 - Wednesday",18:20:00,19:00:00,"Monitor",-35.1834139,149.1267488,"<strong/>!Location has more than<br> one entry. Zoom in and search table!</strong/>",TRUE,"blue",2021-09-15,"Gungahlin",15,37,24
"40",NA,"Coles Express Gungahlin","1 Ginn Street","Gungahlin","15/09/2021 - Wednesday",18:20:00,19:00:00,"Monitor",-35.1834139,149.1266988,"<strong/>!Location has more than<br> one entry. Zoom in and search table!</strong/>",TRUE,"blue",2021-09-15,"Gungahlin",15,37,24
"41",NA,"Coles Express Phillip","172 Melrose Drive","Phillip","15/09/2021 - Wednesday",19:20:00,20:00:00,"Monitor",-35.3500068,149.0851137,NA,FALSE,"blue",2021-09-15,"Phillip",15,37,18
"42",NA,"Coles Kaleen","1 Maribyrnong Avenue","Kaleen","15/09/2021 - Wednesday",16:00:00,16:40:00,"Monitor",-35.2202787,149.1028728,NA,FALSE,"blue",2021-09-15,"Kaleen",15,37,6
"43",NA,"Hindmarsh Campbell - Seventy One","71 Constitution Avenue","Campbell","15/09/2021 - Wednesday",06:40:00,17:00:00,"Casual",-35.291031,149.144624,NA,FALSE,"yellow",2021-09-15,"Campbell",15,37,2
"44",NA,"Kaleen Plaza Pharmacy","Shop 5, Kaleen Shopping Centre, Georgina Crescent","Kaleen","15/09/2021 - Wednesday",16:30:00,17:15:00,"Monitor",-35.2202187,149.1036482,NA,FALSE,"blue",2021-09-15,"Kaleen",15,37,6
"45",NA,"Services Australia (Calypso Cafe)","57 Athlon Drive","Greenway","15/09/2021 - Wednesday",12:20:00,13:10:00,"Casual",-35.421141,149.0655739,NA,FALSE,"yellow",2021-09-15,"Greenway",15,37,12
"46",NA,"Services Australia (Level 3 North Wing)","57 Athlon Drive","Greenway","15/09/2021 - Wednesday",08:20:00,17:00:00,"Casual",-35.421141,149.0655239,NA,FALSE,"yellow",2021-09-15,"Greenway",15,37,12
"47",NA,"Services Australia Building","57 Athlon Drive","Greenway","15/09/2021 - Wednesday",08:20:00,17:00:00,"Monitor",-35.421141,149.0654739,NA,FALSE,"blue",2021-09-15,"Greenway",15,37,12
"48",NA,"Supabarn Crace","56 Abena Avenue","Crace","15/09/2021 - Wednesday",12:45:00,15:30:00,"Monitor",-35.2020605,149.1076007,NA,FALSE,"blue",2021-09-15,"Crace",15,37,3
"49",NA,"Supabarn Crace","56 Abena Avenue","Crace","15/09/2021 - Wednesday",12:45:00,13:30:00,"Monitor",-35.2020605,149.1075507,NA,FALSE,"blue",2021-09-15,"Crace",15,37,3
"50",NA,"United Petroleum Kambah","150 O'Halloran Circuit","Kambah","15/09/2021 - Wednesday",19:45:00,20:15:00,"Monitor",-35.3926772,149.0689965,NA,FALSE,"blue",2021-09-15,"Kambah",15,37,4
"51",NA,"Woolworths Gungahlin","30/33 Hibberson Street","Gungahlin","15/09/2021 - Wednesday",18:25:00,19:15:00,"Casual",-35.1846274,149.1340141,NA,FALSE,"yellow",2021-09-15,"Gungahlin",15,37,24
"52",NA,"Woolworths Kippax","Kippax Fair Shopping Centre, 26 Hardwick Crescent","Holt","15/09/2021 - Wednesday",12:50:00,13:30:00,"Monitor",-35.2218013,149.0194363,NA,FALSE,"blue",2021-09-15,"Holt",15,37,13
"53",NA,"Yarra Rossa Construction Site","51 Hicks Street","Red Hill","15/09/2021 - Wednesday",07:00:00,16:00:00,"Casual",-35.3380861,149.1283944,NA,FALSE,"yellow",2021-09-15,"Red Hill",15,37,3
"54","New","Light Rail Route 1 Transport Canberra Code LRV006","Dickson Interchange to Gungahlin Place","Public Transport","15/09/2021 - Wednesday",18:06:00,18:25:00,"Casual",-35.250558,149.133739,NA,FALSE,"yellow",2021-09-15,"Public Transport",15,37,54
"55",NA,"7-Eleven Casey","10 Kingsland Parade","Casey","14/09/2021 - Tuesday",08:30:00,09:10:00,"Monitor",-35.175773,149.0957826,NA,FALSE,"blue",2021-09-14,"Casey",14,37,12
"56",NA,"Abode Woden","10 Bowes Street","Phillip","14/09/2021 - Tuesday",00:00:00,23:59:00,"Monitor",-35.3433861,149.0860464,NA,FALSE,"blue",2021-09-14,"Phillip",14,37,18
"57",NA,"ALDI Amaroo","12 Pioneer Street","Amaroo","14/09/2021 - Tuesday",15:15:00,16:00:00,"Monitor",-35.1652442,149.132457,"<strong/>!Location has more than<br> one entry. Zoom in and search table!</strong/>",TRUE,"blue",2021-09-14,"Amaroo",14,37,13
"58",NA,"ALDI Conder","9 Sidney Nolan Street","Conder","14/09/2021 - Tuesday",15:35:00,16:40:00,"Casual",-35.4565418,149.093481,NA,FALSE,"yellow",2021-09-14,"Conder",14,37,25
"59",NA,"ALDI Gungahlin","Hibberson Street","Gungahlin","14/09/2021 - Tuesday",15:50:00,16:35:00,"Monitor",-35.1853494,149.1361628,NA,FALSE,"blue",2021-09-14,"Gungahlin",14,37,24
"60",NA,"Bus Route 51 Transport Canberra Code BUS456","O'Connor to Lyneham","Public Transport","14/09/2021 - Tuesday",07:15:00,07:17:00,"Casual",-35.2809368,149.1301592,NA,FALSE,"yellow",2021-09-14,"Public Transport",14,37,54
"61",NA,"BWS Conder","4 Sidney Nolan Drive","Conder","14/09/2021 - Tuesday",16:25:00,17:05:00,"Monitor",-35.457682,149.0924747,NA,FALSE,"blue",2021-09-14,"Conder",14,37,25
"62",NA,"Chemist Warehouse Fyshwick","17 Iron Knob Street","Fyshwick","14/09/2021 - Tuesday",14:00:00,14:40:00,"Monitor",-35.3360642,149.17991,NA,FALSE,"blue",2021-09-14,"Fyshwick",14,37,5
"63",NA,"Chemist Warehouse Gungahlin","30 Hibberson Street","Gungahlin","14/09/2021 - Tuesday",15:50:00,16:30:00,"Monitor",-35.1856574,149.1328737,NA,FALSE,"blue",2021-09-14,"Gungahlin",14,37,24
"64",NA,"Coles Gungahlin","Gungahlin Place","Gungahlin","14/09/2021 - Tuesday",15:30:00,16:20:00,"Monitor",-35.1862806,149.135992,NA,FALSE,"blue",2021-09-14,"Gungahlin",14,37,24
"65",NA,"Coles Gungahlin","Corner Hibberson Street and Gungahlin Place","Gungahlin","14/09/2021 - Tuesday",18:00:00,18:30:00,"Monitor",-35.1862806,149.136042,NA,FALSE,"blue",2021-09-14,"Gungahlin",14,37,24
"66",NA,"EG Fuel Conder","Tharwa Drive","Conder","14/09/2021 - Tuesday",09:20:00,10:00:00,"Monitor",-35.4582538,149.0917541,NA,FALSE,"blue",2021-09-14,"Conder",14,37,25
"67",NA,"Hindmarsh Campbell - Seventy One","71 Constitution Avenue","Campbell","14/09/2021 - Tuesday",06:40:00,17:00:00,"Casual",-35.291031,149.144574,NA,FALSE,"yellow",2021-09-14,"Campbell",14,37,2
"68",NA,"IGA Melba","1/4-6 Melba Circuit","Melba","14/09/2021 - Tuesday",12:45:00,13:30:00,"Monitor",-35.2081529,149.0486515,NA,FALSE,"blue",2021-09-14,"Melba",14,37,1
"69",NA,"IGA X-press East Row","22-58 East Row","Canberra City","14/09/2021 - Tuesday",19:00:00,20:00:00,"Monitor",-35.2791945,149.1307437,NA,FALSE,"blue",2021-09-14,"Canberra City",14,37,29
"70",NA,"IGA X-press East Row","22-58 East Row","Canberra City","14/09/2021 - Tuesday",07:15:00,08:50:00,"Monitor",-35.2791945,149.1307937,NA,FALSE,"blue",2021-09-14,"Canberra City",14,37,29
"71",NA,"Kaleen Plaza","Georgina Crescent","Kaleen","14/09/2021 - Tuesday",15:50:00,16:30:00,"Monitor",-35.2202159,149.1033436,NA,FALSE,"blue",2021-09-14,"Kaleen",14,37,6
"72",NA,"Lanyon Pharmacy","Lanyon Marketplace, 4 Sidney Nolan Street","Conder","14/09/2021 - Tuesday",17:20:00,18:00:00,"Monitor",-35.4574587,149.0925805,NA,FALSE,"blue",2021-09-14,"Conder",14,37,25
"73",NA,"Metro Petroleum Mitchell","Lysaght Street","Mitchell","14/09/2021 - Tuesday",13:00:00,13:40:00,"Monitor",-35.2154233,149.1425108,NA,FALSE,"blue",2021-09-14,"Mitchell",14,37,1
"74",NA,"NewsXpress Wanniassa","Erindale Shopping Centre, 2 Denigan Street","Wanniassa","14/09/2021 - Tuesday",08:30:00,10:00:00,"Monitor",-35.4040526,149.0986005,NA,FALSE,"blue",2021-09-14,"Wanniassa",14,37,17
"75",NA,"Oliphant Building, ANU","60 Mills Road","Acton","14/09/2021 - Tuesday",08:50:00,13:15:00,"Casual",-35.2839744,149.1131291,NA,FALSE,"yellow",2021-09-14,"Acton",14,37,5
"76",NA,"Pharmacy Select Gungahlin","Gungahlin Village, 46 Hibberson Street","Gungahlin","14/09/2021 - Tuesday",18:00:00,18:30:00,"Monitor",-35.185927,149.1363953,NA,FALSE,"blue",2021-09-14,"Gungahlin",14,37,24
"77",NA,"Services Australia (Level 3 North Wing)","57 Athlon Drive","Greenway","14/09/2021 - Tuesday",08:30:00,13:30:00,"Casual",-35.421141,149.0654239,NA,FALSE,"yellow",2021-09-14,"Greenway",14,37,12
"78",NA,"Services Australia Building","57 Athlon Drive","Greenway","14/09/2021 - Tuesday",08:30:00,13:30:00,"Monitor",-35.421141,149.0653739,NA,FALSE,"blue",2021-09-14,"Greenway",14,37,12
"79",NA,"Tuggeranong Discount Drug Store","17 Anketell Street","Greenway","14/09/2021 - Tuesday",18:05:00,18:40:00,"Monitor",-35.4168087,149.0680445,NA,FALSE,"blue",2021-09-14,"Greenway",14,37,12
"80",NA,"Two Before Ten Aranda","69 Bandjalong Crescent","Aranda","14/09/2021 - Tuesday",10:20:00,11:00:00,"Monitor",-35.2564051,149.078815,NA,FALSE,"blue",2021-09-14,"Aranda",14,37,2
"81",NA,"Woolworths Conder","Lanyon Marketplace, 4 Sidney Nolan Street","Conder","14/09/2021 - Tuesday",16:15:00,17:00:00,"Monitor",-35.457644,149.092561,NA,FALSE,"blue",2021-09-14,"Conder",14,37,25
"82",NA,"Woolworths Kippax","Kippax Fair Shopping Centre, 26 Hardwick Crescent","Holt","14/09/2021 - Tuesday",20:40:00,21:30:00,"Monitor",-35.2218013,149.0193863,"<strong/>!Location has more than<br> one entry. Zoom in and search table!</strong/>",TRUE,"blue",2021-09-14,"Holt",14,37,13
"83",NA,"Woolworths Metro Cameron Avenue","1/6 Grazier Lane","Belconnen","14/09/2021 - Tuesday",13:30:00,13:40:00,"Monitor",-35.2401725,149.0721313,NA,FALSE,"blue",2021-09-14,"Belconnen",14,37,28
"84",NA,"Woolworths Metro Cameron Avenue","1/6 Grazier Lane","Belconnen","14/09/2021 - Tuesday",10:20:00,11:00:00,"Monitor",-35.2401725,149.0720813,NA,FALSE,"blue",2021-09-14,"Belconnen",14,37,28
"85",NA,"Yarra Rossa Construction Site","51 Hicks Street","Red Hill","14/09/2021 - Tuesday",07:00:00,16:00:00,"Casual",-35.3380861,149.1283444,NA,FALSE,"yellow",2021-09-14,"Red Hill",14,37,3
"86","New","ALDI Amaroo","12 Pioneer Street","Amaroo","14/09/2021 - Tuesday",15:20:00,16:00:00,"Monitor",-35.1652442,149.132407,"<strong/>!Location has more than<br> one entry. Zoom in and search table!</strong/>",TRUE,"blue",2021-09-14,"Amaroo",14,37,13
"87",NA,"Coles Amaroo","Horse Park Drive","Amaroo","14/09/2021 - Tuesday",15:00:00,16:00:00,"Monitor",-35.1646128,149.1317816,NA,FALSE,"blue",2021-09-14,"Amaroo",14,37,13
"88","New","Woolworths Belconnen","Westfield Belconnen, Benjamin Way","Belconnen","14/09/2021 - Tuesday",16:20:00,17:00:00,"Monitor",-35.2386596,149.0652762,NA,FALSE,"blue",2021-09-14,"Belconnen",14,37,28
"89","New","Woolworths Gungahlin","30/33 Hibberson Street","Gungahlin","14/09/2021 - Tuesday",15:45:00,16:30:00,"Monitor",-35.1846274,149.1339891,"<strong/>!Location has more than<br> one entry. Zoom in and search table!</strong/>",TRUE,"blue",2021-09-14,"Gungahlin",14,37,24
"90","New","Bus Route 9 Transport Canberra Code BUS454","Watson Shops to Belconnen Interchange","Public Transport","13/09/2021 - Monday",08:40:00,09:03:00,"Casual",NA,NA,"<strong/>!Location has more than<br> one entry. Zoom in and search table!</strong/>",TRUE,"yellow",2021-09-13,"Public Transport",13,37,54
"91","New","Bus Route 9 Transport Canberra Code BUS588","Belconnen Interchange to Watson Shops","Public Transport","13/09/2021 - Monday",10:14:00,10:39:00,"Casual",-35.2388496,149.1533805,NA,FALSE,"yellow",2021-09-13,"Public Transport",13,37,54
"92","New","BWS Franklin","Flemington Road and Nullarbor Avenue","Franklin","13/09/2021 - Monday",18:00:00,19:00:00,"Monitor",-35.2001194,149.1489347,NA,FALSE,"blue",2021-09-13,"Franklin",13,37,1
"93",NA,"7-Eleven Braddon","20 Mort Street","Braddon","13/09/2021 - Monday",12:10:00,12:50:00,"Monitor",-35.275691,149.1317158,NA,FALSE,"blue",2021-09-13,"Braddon",13,37,6
"94",NA,"7-Eleven Kippax","88 Hardwick Crescent","Holt","13/09/2021 - Monday",11:00:00,11:50:00,"Monitor",-35.2209147,149.0178943,NA,FALSE,"blue",2021-09-13,"Holt",13,37,13
"95",NA,"Abode Woden","10 Bowes Street","Phillip","13/09/2021 - Monday",00:00:00,23:59:00,"Monitor",-35.3433861,149.0859964,NA,FALSE,"blue",2021-09-13,"Phillip",13,37,18
"96",NA,"ALDI Gungahlin","Hibberson Street","Gungahlin","13/09/2021 - Monday",12:30:00,13:25:00,"Casual",-35.1853494,149.1362378,NA,FALSE,"yellow",2021-09-13,"Gungahlin",13,37,24
"97",NA,"ALDI Weston Creek","Brierly Street","Weston","13/09/2021 - Monday",14:50:00,16:00:00,"Casual",-35.3414467,149.0525899,NA,FALSE,"yellow",2021-09-13,"Weston",13,37,1
"98",NA,"Amcal+ Pharmacy Belconnen","Westfield Belconnen, Benjamin Way","Belconnen","13/09/2021 - Monday",12:40:00,17:30:00,"Casual",-35.2464419,149.0676469,NA,FALSE,"yellow",2021-09-13,"Belconnen",13,37,28
"99",NA,"Birch Building #35 (Facilities Maintenance Workshop only), ANU","35 Science Road","Acton","13/09/2021 - Monday",10:30:00,13:30:00,"Casual",NA,NA,"<strong/>!Location has more than<br> one entry. Zoom in and search table!</strong/>",TRUE,"yellow",2021-09-13,"Acton",13,37,5
"100",NA,"Birch Building #35 (Facilities Maintenance Workshop only), ANU","35 Science Road","Acton","13/09/2021 - Monday",15:00:00,16:30:00,"Casual",NA,NA,"<strong/>!Location has more than<br> one entry. Zoom in and search table!</strong/>",TRUE,"yellow",2021-09-13,"Acton",13,37,5
"101",NA,"Birch Building #35 (Facilities Maintenance Workshop only), ANU","35 Science Road","Acton","13/09/2021 - Monday",07:50:00,09:20:00,"Casual",NA,NA,"<strong/>!Location has more than<br> one entry. Zoom in and search table!</strong/>",TRUE,"yellow",2021-09-13,"Acton",13,37,5
"102",NA,"BP Kingston","77 Canberra Avenue","Kingston","13/09/2021 - Monday",16:30:00,17:10:00,"Monitor",-35.3199398,149.1389056,NA,FALSE,"blue",2021-09-13,"Kingston",13,37,1
"103",NA,"Bus Route 3 Transport Canberra Code BUS419","Belconnen Interchange to City Interchange","Public Transport","13/09/2021 - Monday",19:39:00,19:55:00,"Casual",-35.2784467,149.1304044,"<strong/>!Location has more than<br> one entry. Zoom in and search table!</strong/>",TRUE,"yellow",2021-09-13,"Public Transport",13,37,54
"104",NA,"Bus Route 42 Transport Canberra Code BUS710","Melba to Belconnen Interchange","Public Transport","13/09/2021 - Monday",19:19:00,19:32:00,"Casual",NA,NA,"<strong/>!Location has more than<br> one entry. Zoom in and search table!</strong/>",TRUE,"yellow",2021-09-13,"Public Transport",13,37,54
"105",NA,"Bus Route 50 Transport Canberra Code BUS391","Dickson to Watson","Public Transport","13/09/2021 - Monday",20:38:00,20:43:00,"Casual",-35.2809368,149.1299842,"<strong/>!Location has more than<br> one entry. Zoom in and search table!</strong/>",TRUE,"yellow",2021-09-13,"Public Transport",13,37,54
"106",NA,"Bus Route 50 Transport Canberra Code BUS707","Dickson to O'Connor","Public Transport","13/09/2021 - Monday",21:16:00,21:23:00,"Casual",-35.2809368,149.1299342,"<strong/>!Location has more than<br> one entry. Zoom in and search table!</strong/>",TRUE,"yellow",2021-09-13,"Public Transport",13,37,54
"107",NA,"Bus Route 51 Transport Canberra Code BUS499","City to O'Connor","Public Transport","13/09/2021 - Monday",14:34:00,14:40:00,"Casual",-35.2809368,149.1300342,"<strong/>!Location has more than<br> one entry. Zoom in and search table!</strong/>",TRUE,"yellow",2021-09-13,"Public Transport",13,37,54
"108",NA,"Bus Route 51 Transport Canberra Code BUS641","O'Connor to Dickson","Public Transport","13/09/2021 - Monday",16:12:00,16:29:00,"Casual",-35.2809368,149.1299842,"<strong/>!Location has more than<br> one entry. Zoom in and search table!</strong/>",TRUE,"yellow",2021-09-13,"Public Transport",13,37,54
"109",NA,"Bus Route 51 Transport Canberra Code BUS707","O'Connor to Dickson","Public Transport","13/09/2021 - Monday",12:44:00,13:02:00,"Casual",-35.2809368,149.1301342,NA,FALSE,"yellow",2021-09-13,"Public Transport",13,37,54
"110",NA,"Bus Route 9 Transport Canberra Code BUS391","Watson to Dickson Interchange","Public Transport","13/09/2021 - Monday",21:08:00,21:13:00,"Casual",-35.250558,149.133789,NA,FALSE,"yellow",2021-09-13,"Public Transport",13,37,54
"111",NA,"Charcoal Rooster","94 Lowanna Street","Braddon","13/09/2021 - Monday",09:00:00,09:40:00,"Monitor",-35.2641258,149.1328287,NA,FALSE,"blue",2021-09-13,"Braddon",13,37,6
"112",NA,"Coles Amaroo","Horse Park Drive","Amaroo","13/09/2021 - Monday",12:50:00,13:40:00,"Monitor",-35.1646128,149.1318566,NA,FALSE,"blue",2021-09-13,"Amaroo",13,37,13
"113",NA,"Coles Belconnen","Westifield Belconnen, Benjamin Way","Belconnen","13/09/2021 - Monday",17:50:00,19:30:00,"Casual",-35.237949,149.064837,NA,FALSE,"yellow",2021-09-13,"Belconnen",13,37,28
"114",NA,"Coles Canberra Centre","Canberra Centre, 148 Bunda Street","Canberra City","13/09/2021 - Monday",14:10:00,14:50:00,"Monitor",-35.2802271,149.1333559,NA,FALSE,"blue",2021-09-13,"Canberra City",13,37,29
"115",NA,"Coles Canberra Centre","Canberra Centre, 148 Bunda Street","Canberra City","13/09/2021 - Monday",20:00:00,20:30:00,"Casual",-35.2802271,149.1333309,"<strong/>!Location has more than<br> one entry. Zoom in and search table!</strong/>",TRUE,"yellow",2021-09-13,"Canberra City",13,37,29
"116",NA,"Coles Express Manuka","Canberra Avenue and Flinders Way","Griffith","13/09/2021 - Monday",13:25:00,14:05:00,"Monitor",-35.3200444,149.1343535,NA,FALSE,"blue",2021-09-13,"Griffith",13,37,11
"117",NA,"Coles Express Manuka","Canberra Avenue and Flinders Way","Griffith","13/09/2021 - Monday",06:50:00,07:30:00,"Monitor",-35.3200444,149.1344035,NA,FALSE,"blue",2021-09-13,"Griffith",13,37,11
"118",NA,"Coles Manuka","Franklin Street and Flinders Way","Griffith","13/09/2021 - Monday",09:50:00,09:55:00,"Monitor",-35.3210247,149.1343446,NA,FALSE,"blue",2021-09-13,"Griffith",13,37,11
"119",NA,"Coles Wanniassa","12 Sangster Place","Wanniassa","13/09/2021 - Monday",13:35:00,14:15:00,"Casual",-35.3912889,149.0854472,NA,FALSE,"yellow",2021-09-13,"Wanniassa",13,37,17
"120",NA,"Computer Science and Information Technology Building #108 - Level 1 (Ground Floor) only","108 North Road","Acton","13/09/2021 - Monday",12:15:00,15:30:00,"Casual",NA,NA,"<strong/>!Location has more than<br> one entry. Zoom in and search table!</strong/>",TRUE,"yellow",2021-09-13,"Acton",13,37,5
"121",NA,"Donatello's","18 Sangster Place","Wanniassa","13/09/2021 - Monday",13:30:00,14:00:00,"Monitor",-35.3908796,149.0855496,NA,FALSE,"blue",2021-09-13,"Wanniassa",13,37,17
"122",NA,"EG Fuel Conder","Tharwa Drive","Conder","13/09/2021 - Monday",15:10:00,15:45:00,"Monitor",-35.4582538,149.0917291,NA,FALSE,"blue",2021-09-13,"Conder",13,37,25
"123",NA,"IGA Banks","Pockett Avenue and Brockway Street","Banks","13/09/2021 - Monday",15:15:00,15:55:00,"Monitor",-35.4725,149.0956056,NA,FALSE,"blue",2021-09-13,"Banks",13,37,3
"124",NA,"IGA X-press East Row","22-58 East Row","Canberra City","13/09/2021 - Monday",19:00:00,20:00:00,"Monitor",-35.2791945,149.1307187,NA,FALSE,"blue",2021-09-13,"Canberra City",13,37,29
"125",NA,"Kingslseys Chicken Erindale","5/20 Gartside Street","Wanniassa","13/09/2021 - Monday",18:10:00,19:00:00,"Monitor",-35.4057929,149.0997253,NA,FALSE,"blue",2021-09-13,"Wanniassa",13,37,17
"126",NA,"Light Rail Route 1 Transport Canberra Code LRV001","Ipima Street to Dickson Interchange","Public Transport","13/09/2021 - Monday",19:33:00,19:36:00,"Casual",-35.266635,149.1348303,NA,FALSE,"yellow",2021-09-13,"Public Transport",13,37,54
"127",NA,"Light Rail Route 1 Transport Canberra Code LRV006","Alinga Street to Macarthur Avenue","Public Transport","13/09/2021 - Monday",20:00:00,20:04:00,"Casual",-35.2782991,149.1284854,NA,FALSE,"yellow",2021-09-13,"Public Transport",13,37,54
"128",NA,"Light Rail Route 1 Transport Canberra Code LRV009","Dickson Interchange to Alinga Street","Public Transport","13/09/2021 - Monday",13:27:00,13:33:00,"Casual",-35.250558,149.133714,NA,FALSE,"yellow",2021-09-13,"Public Transport",13,37,54
"129",NA,"Light Rail Route 1 Transport Canberra Code LRV014","Dickson Interchange to Ipima Street","Public Transport","13/09/2021 - Monday",16:54:00,16:57:00,"Casual",-35.250558,149.133664,NA,FALSE,"yellow",2021-09-13,"Public Transport",13,37,54
"130",NA,"Optimal Pharmacy Plus Jamison","Jamison Plaza, Bowman Street","Macqurie","13/09/2021 - Monday",12:10:00,13:10:00,"Casual",-35.2527782,149.0717558,NA,FALSE,"yellow",2021-09-13,"Macqurie",13,37,1
"131",NA,"Pacifik Halal Meats","54-56/141 Ernest Cavanagh Street","Gungahlin","13/09/2021 - Monday",12:30:00,13:15:00,"Monitor",-35.1848047,149.136513,NA,FALSE,"blue",2021-09-13,"Gungahlin",13,37,24
"132",NA,"Popes Electrical and Data Supplies Phillip","50-52 Colbee Court","Phillip","13/09/2021 - Monday",08:00:00,09:00:00,"Casual",-35.3528956,149.0873239,NA,FALSE,"yellow",2021-09-13,"Phillip",13,37,18
"133",NA,"Renaissance Manuka Worksite","Light Street","Griffith","13/09/2021 - Monday",07:00:00,15:30:00,"Monitor",-35.3215198,149.1361285,NA,FALSE,"blue",2021-09-13,"Griffith",13,37,11
"134",NA,"SupaBarn Express Watson","5 Watson Place","Watson","13/09/2021 - Monday",19:00:00,20:00:00,"Monitor",-35.2388939,149.1535201,NA,FALSE,"blue",2021-09-13,"Watson",13,37,4
"135",NA,"Tuggeranong Discount Drug Store","17 Anketell Street","Greenway","13/09/2021 - Monday",14:50:00,15:30:00,"Monitor",-35.4168087,149.0679945,NA,FALSE,"blue",2021-09-13,"Greenway",13,37,12
"136",NA,"United Petroleum Kambah","150 O'Halloran Circuit","Kambah","13/09/2021 - Monday",13:30:00,14:30:00,"Monitor",-35.3926772,149.0689465,NA,FALSE,"blue",2021-09-13,"Kambah",13,37,4
"137",NA,"Woolworths Conder","Lanyon Marketplace, 4 Sidney Nolan Street","Conder","13/09/2021 - Monday",18:00:00,18:50:00,"Monitor",-35.457644,149.092536,"<strong/>!Location has more than<br> one entry. Zoom in and search table!</strong/>",TRUE,"blue",2021-09-13,"Conder",13,37,25
"138",NA,"Woolworths Dickson","1 Dickson Place","Dickson","13/09/2021 - Monday",16:30:00,17:20:00,"Casual",-35.249974,149.1386251,NA,FALSE,"yellow",2021-09-13,"Dickson",13,37,6
"139",NA,"Woolworths Erindale","50-68 Comrie Street","Wanniassa","13/09/2021 - Monday",14:10:00,15:00:00,"Casual",-35.4035739,149.098752,NA,FALSE,"yellow",2021-09-13,"Wanniassa",13,37,17
"140",NA,"Woolworths Metro Cameron Avenue","1/6 Grazier Lane","Belconnen","13/09/2021 - Monday",16:30:00,17:15:00,"Monitor",-35.2401725,149.0720563,NA,FALSE,"blue",2021-09-13,"Belconnen",13,37,28
"141","New","Coles Jamison","Jamison Plaza, Bowman Street","Macquarie","13/09/2021 - Monday",18:10:00,19:00:00,"Monitor",-35.2528076,149.0713348,NA,FALSE,"blue",2021-09-13,"Macquarie",13,37,3
"142","New","Coles Manuka","Franklin Street and Flinders Way","Manuka","13/09/2021 - Monday",17:45:00,18:30:00,"Monitor",-35.3210247,149.1342196,"<strong/>!Location has more than<br> one entry. Zoom in and search table!</strong/>",TRUE,"blue",2021-09-13,"Manuka",13,37,1
"143","New","Bus Route 9 Transport Canberra Code BUS592","Watson (Aspinall Street) to Watson (Knox Street)","Public Transport","12/09/2021 - Sunday",10:53:00,10:55:00,"Casual",-35.2386182,149.1544478,NA,FALSE,"yellow",2021-09-12,"Public Transport",12,37,54
"144",NA,"Abode Woden","10 Bowes Street","Phillip","12/09/2021 - Sunday",00:00:00,23:59:00,"Monitor",-35.3433861,149.0859464,NA,FALSE,"blue",2021-09-12,"Phillip",12,37,18
"145",NA,"Bus Route 2 Transport Canberra Code BUS656","Westfield Belconnen Interchange to City Interchange","Public Transport","12/09/2021 - Sunday",07:27:00,07:42:00,"Casual",-35.2784467,149.1304544,NA,FALSE,"yellow",2021-09-12,"Public Transport",12,37,54
"146",NA,"Bus Route 28 Transport Canberra Code BUS569","Gungahlin to Casey Market Town","Public Transport","12/09/2021 - Sunday",16:12:00,16:33:00,"Casual",-35.17447,149.0959949,NA,FALSE,"yellow",2021-09-12,"Public Transport",12,37,54
"147",NA,"Bus Route 31 Transport Canberra Code BUS569","Belconnen (Cohen St) to City Interchange","Public Transport","12/09/2021 - Sunday",20:11:00,20:51:00,"Casual",-35.2396469,149.0648732,NA,FALSE,"yellow",2021-09-12,"Public Transport",12,37,54
"148",NA,"Bus Route 32 Transport Canberra Code BUS569","City Interchange to Belconnen (Cohen St)","Public Transport","12/09/2021 - Sunday",17:12:00,17:51:00,"Casual",-35.2784467,149.1305294,NA,FALSE,"yellow",2021-09-12,"Public Transport",12,37,54
"149",NA,"Bus Route 4 Transport Canberra Code BUS446","Woden Interchange to City Interchange","Public Transport","12/09/2021 - Sunday",00:28:00,00:42:00,"Casual",-35.3444429,149.0872692,NA,FALSE,"yellow",2021-09-12,"Public Transport",12,37,54
"150",NA,"Bus Route 53 Transport Canberra Code BUS569","Dickson Shops to City Interchange","Public Transport","12/09/2021 - Sunday",21:18:00,21:46:00,"Casual",-35.2784467,149.1304794,NA,FALSE,"yellow",2021-09-12,"Public Transport",12,37,54
"151",NA,"Bus Route 8 Transport Canberra Code BUS569","Belconnen (Cohen St) to Gungahlin Interchange","Public Transport","12/09/2021 - Sunday",15:27:00,15:53:00,"Casual",-35.2396469,149.0650232,NA,FALSE,"yellow",2021-09-12,"Public Transport",12,37,54
"152",NA,"Bus Route 9 Transport Canberra Code BUS569","Belconnen (Cohen St) to Watson","Public Transport","12/09/2021 - Sunday",18:03:00,18:37:00,"Casual",-35.2396469,149.0649732,NA,FALSE,"yellow",2021-09-12,"Public Transport",12,37,54
"153",NA,"Bus Route 9 Transport Canberra Code BUS569","Watson to Belconnen (Cohen St)","Public Transport","12/09/2021 - Sunday",18:45:00,19:19:00,"Casual",-35.2396469,149.0649232,NA,FALSE,"yellow",2021-09-12,"Public Transport",12,37,54
"154",NA,"BWS Mawson","Mawson Place","Mawson","12/09/2021 - Sunday",14:10:00,14:50:00,"Monitor",-35.3661405,149.0944118,NA,FALSE,"blue",2021-09-12,"Mawson",12,37,10
"155",NA,"Capital Chemist Charnwood","Charnwood Shopping Centre, Lhotsky Street","Charnwood","12/09/2021 - Sunday",13:30:00,14:15:00,"Monitor",-35.2045044,149.033648,NA,FALSE,"blue",2021-09-12,"Charnwood",12,37,5
"156",NA,"Chemist Warehouse Gungahlin","30 Hibberson Street","Gungahlin","12/09/2021 - Sunday",13:50:00,14:30:00,"Monitor",-35.1856574,149.1328237,NA,FALSE,"blue",2021-09-12,"Gungahlin",12,37,24
"157",NA,"Coles Canberra Centre","Canberra Centre, 148 Bunda Street","Canberra City","12/09/2021 - Sunday",20:40:00,21:00:00,"Casual",-35.2802271,149.1332809,"<strong/>!Location has more than<br> one entry. Zoom in and search table!</strong/>",TRUE,"yellow",2021-09-12,"Canberra City",12,37,29
"158",NA,"Coles Express Belconnen","Lathlain Street and Wignall Place","Belconnen","12/09/2021 - Sunday",17:20:00,18:10:00,"Monitor",-35.242649,149.064011,NA,FALSE,"blue",2021-09-12,"Belconnen",12,37,28
"159",NA,"Coles Express Gungahlin","1 Ginn Street","Gungahlin","12/09/2021 - Sunday",18:10:00,18:50:00,"Monitor",-35.1834139,149.1267238,NA,FALSE,"blue",2021-09-12,"Gungahlin",12,37,24
"160",NA,"Coles Kaleen","1 Maribyrnong Avenue","Kaleen","12/09/2021 - Sunday",17:30:00,18:15:00,"Casual",-35.2202787,149.1028228,NA,FALSE,"yellow",2021-09-12,"Kaleen",12,37,6
"161",NA,"Coles Manuka","Franklin Street and Flinders Way","Griffith","12/09/2021 - Sunday",14:20:00,15:10:00,"Monitor",-35.3210247,149.1342946,NA,FALSE,"blue",2021-09-12,"Griffith",12,37,11
"162",NA,"Costco Canberra","39-41 Mustang Avenue","Canberra Airport","12/09/2021 - Sunday",13:45:00,15:15:00,"Casual",-35.2972375,149.1905839,NA,FALSE,"yellow",2021-09-12,"Canberra Airport",12,37,7
"163",NA,"IGA X-press East Row","22-58 East Row","Canberra City","12/09/2021 - Sunday",19:00:00,20:00:00,"Monitor",-35.2791945,149.1306437,NA,FALSE,"blue",2021-09-12,"Canberra City",12,37,29
"164",NA,"Jim Murphy's Airport Cellars","7 Mustang Avenue","Canberra Airport","12/09/2021 - Sunday",15:15:00,16:15:00,"Casual",-35.295124,149.191092,NA,FALSE,"yellow",2021-09-12,"Canberra Airport",12,37,7
"165",NA,"Light Rail Route 1 Transport Canberra Code LRV003","Phillip Avenue to Elouera Street","Public Transport","12/09/2021 - Sunday",18:44:00,18:52:00,"Casual",-35.2473185,149.1540083,NA,FALSE,"yellow",2021-09-12,"Public Transport",12,37,54
"166",NA,"Light Rail Route 1 Transport Canberra Code LRV004","Alinga Street to Phillip Avenue","Public Transport","12/09/2021 - Sunday",17:30:00,17:39:00,"Casual",-35.2782991,149.1285104,NA,FALSE,"yellow",2021-09-12,"Public Transport",12,37,54
"167",NA,"Liquorland Canberra Centre","Canberra Centre, 148 Bunda Street","Canberra City","12/09/2021 - Sunday",20:40:00,21:30:00,"Casual",-35.2802271,149.1333059,"<strong/>!Location has more than<br> one entry. Zoom in and search table!</strong/>",TRUE,"yellow",2021-09-12,"Canberra City",12,37,29
"168",NA,"Ms Ba Co Majura Park","Majura Park Shopping Centre, 18/16 Spitfire Avenue","Canberra Airport","12/09/2021 - Sunday",15:40:00,16:20:00,"Monitor",-35.3001906,149.1904008,NA,FALSE,"blue",2021-09-12,"Canberra Airport",12,37,7
"169",NA,"Narrabundah Friendly Grocer","6 Iluka Street","Narrabundah","12/09/2021 - Sunday",18:00:00,18:45:00,"Casual",-35.3325783,149.1540484,NA,FALSE,"yellow",2021-09-12,"Narrabundah",12,37,14
"170",NA,"Narrabundah Friendly Grocer","6 Iluka Street","Narrabundah","12/09/2021 - Sunday",19:45:00,20:30:00,"Casual",-35.3325783,149.1539984,NA,FALSE,"yellow",2021-09-12,"Narrabundah",12,37,14
"171",NA,"Priceline Pharmacy Amaroo","6 Pioneer Street","Amaroo","12/09/2021 - Sunday",11:15:00,12:00:00,"Monitor",-35.164779,149.1324158,NA,FALSE,"blue",2021-09-12,"Amaroo",12,37,13
"172",NA,"SupaExpress Kaleen","8 Gwydir Square, Maribyrnong Avenue","Kaleen","12/09/2021 - Sunday",13:30:00,14:30:00,"Casual",-35.2337993,149.1029054,NA,FALSE,"yellow",2021-09-12,"Kaleen",12,37,6
"173",NA,"Tuggeranong Discount Drug Store","17 Anketell Street","Greenway","12/09/2021 - Sunday",15:15:00,15:55:00,"Monitor",-35.4168087,149.0679445,NA,FALSE,"blue",2021-09-12,"Greenway",12,37,12
"174",NA,"Woolworths Charnwood","25-30 Charnwood Place","Charnwood","12/09/2021 - Sunday",13:25:00,14:10:00,"Monitor",-35.2045295,149.0328578,NA,FALSE,"blue",2021-09-12,"Charnwood",12,37,5
"175",NA,"Woolworths Charnwood","25-30 Charnwood Place","Charnwood","12/09/2021 - Sunday",12:30:00,13:20:00,"Casual",-35.2045295,149.0329328,NA,FALSE,"yellow",2021-09-12,"Charnwood",12,37,5
"176",NA,"Woolworths Dunlop","80 Lance Hill Avenue","Dunlop","12/09/2021 - Sunday",13:50:00,14:30:00,"Monitor",-35.194468,149.0194685,NA,FALSE,"blue",2021-09-12,"Dunlop",12,37,1
"177",NA,"Woolworths Erindale","50-68 Comrie Street","Wanniassa","12/09/2021 - Sunday",09:05:00,10:10:00,"Casual",-35.4035739,149.098702,NA,FALSE,"yellow",2021-09-12,"Wanniassa",12,37,17
"178",NA,"Woolworths Gungahlin","30/33 Hibberson Street","Gungahlin","12/09/2021 - Sunday",14:00:00,14:30:00,"Monitor",-35.1846274,149.1339391,"<strong/>!Location has more than<br> one entry. Zoom in and search table!</strong/>",TRUE,"blue",2021-09-12,"Gungahlin",12,37,24
"179",NA,"Woolworths Gungahlin","30/33 Hibberson Street","Gungahlin","12/09/2021 - Sunday",15:35:00,16:15:00,"Monitor",-35.1846274,149.1339391,NA,FALSE,"blue",2021-09-12,"Gungahlin",12,37,24
"180",NA,"Woolworths Majura Park","Majura Park Shopping Centre, 18/16 Spitfire Avenue","Canberra Airport","12/09/2021 - Sunday",14:45:00,15:50:00,"Casual",-35.3001906,149.1903508,NA,FALSE,"yellow",2021-09-12,"Canberra Airport",12,37,7
"181",NA,"Woolworths Mawson","15 Mawson Place","Mawson","12/09/2021 - Sunday",13:40:00,14:40:00,"Casual",-35.3661449,149.0947446,NA,FALSE,"yellow",2021-09-12,"Mawson",12,37,10
"182",NA,"Woolworths Metro Cameron Avenue","1/6 Grazier Lane","Belconnen","12/09/2021 - Sunday",20:40:00,21:20:00,"Monitor",-35.2401725,149.0720313,NA,FALSE,"blue",2021-09-12,"Belconnen",12,37,28
"183",NA,"7-Eleven Casey","10 Kingsland Parade","Casey","11/09/2021 - Saturday",15:35:00,16:15:00,"Monitor",-35.175773,149.0957576,NA,FALSE,"blue",2021-09-11,"Casey",11,37,12
"184",NA,"7-Eleven Mawson","1 Mawson Place","Mawson","11/09/2021 - Saturday",12:25:00,13:30:00,"Casual",-35.365172,149.0936873,NA,FALSE,"yellow",2021-09-11,"Mawson",11,37,10
"185",NA,"Abode Woden","10 Bowes Street","Phillip","11/09/2021 - Saturday",00:00:00,23:59:00,"Monitor",-35.3433861,149.0858964,NA,FALSE,"blue",2021-09-11,"Phillip",11,37,18
"186",NA,"ALDI Amaroo","12 Pioneer Street","Amaroo","11/09/2021 - Saturday",10:30:00,11:00:00,"Casual",-35.1652442,149.132482,NA,FALSE,"yellow",2021-09-11,"Amaroo",11,37,13
"187",NA,"ALDI Belconnen","Westfield Belconnen, Benjamin Way","Belconnen","11/09/2021 - Saturday",15:00:00,15:55:00,"Casual",-35.2380765,149.0650422,NA,FALSE,"yellow",2021-09-11,"Belconnen",11,37,28
"188",NA,"Amaroo Village Shopping Centre","Horsepark Drive","Amaroo","11/09/2021 - Saturday",13:25:00,14:00:00,"Monitor",-35.1646128,149.1318066,NA,FALSE,"blue",2021-09-11,"Amaroo",11,37,13
"189",NA,"B&B Emporium Casey","Casey Market Town, 15 Kingsland Parade","Casey","11/09/2021 - Saturday",14:05:00,14:45:00,"Monitor",-35.17447,149.0959699,NA,FALSE,"blue",2021-09-11,"Casey",11,37,12
"190",NA,"Bus Route 10 Transport Canberra Code BUS561","City West to Denman Prospect","Public Transport","11/09/2021 - Saturday",17:23:00,17:53:00,"Casual",-35.279095,149.125559,NA,FALSE,"yellow",2021-09-11,"Public Transport",11,37,54
"191",NA,"Bus Route 10 Transport Canberra Code BUS561","Denman Prospect to City West","Public Transport","11/09/2021 - Saturday",18:03:00,18:28:00,"Casual",-35.2784467,149.1304044,"<strong/>!Location has more than<br> one entry. Zoom in and search table!</strong/>",TRUE,"yellow",2021-09-11,"Public Transport",11,37,54
"192",NA,"Bus Route 10 Transport Canberra Code BUS561","City West to Denman Prospect","Public Transport","11/09/2021 - Saturday",18:53:00,19:23:00,"Casual",-35.279095,149.125509,NA,FALSE,"yellow",2021-09-11,"Public Transport",11,37,54
"193",NA,"Bus Route 10 Transport Canberra Code BUS561","Denman Prospect to City West","Public Transport","11/09/2021 - Saturday",19:33:00,19:58:00,"Casual",-35.2784467,149.1303544,"<strong/>!Location has more than<br> one entry. Zoom in and search table!</strong/>",TRUE,"yellow",2021-09-11,"Public Transport",11,37,54
"194",NA,"Bus Route 4 Transport Canberra Code BUS671","City Interchange to Woden Interchange","Public Transport","11/09/2021 - Saturday",10:27:00,10:41:00,"Casual",-35.2784467,149.1303544,"<strong/>!Location has more than<br> one entry. Zoom in and search table!</strong/>",TRUE,"yellow",2021-09-11,"Public Transport",11,37,54
"195",NA,"Bus Route 5 Transport Canberra Code BUS561","City West to Lanyon Marketplace","Public Transport","11/09/2021 - Saturday",23:07:00,23:54:00,"Casual",-35.2784467,149.1302794,NA,FALSE,"yellow",2021-09-11,"Public Transport",11,37,54
"196",NA,"Bus Route 6 Transport Canberra Code BUS561","Woden Interchange to City West","Public Transport","11/09/2021 - Saturday",16:23:00,17:07:00,"Casual",-35.3444429,149.0872942,NA,FALSE,"yellow",2021-09-11,"Public Transport",11,37,54
"197",NA,"Bus Route 63 Transport Canberra Code BUS561","Woden Interchange to Cooleman Court","Public Transport","11/09/2021 - Saturday",21:35:00,21:59:00,"Casual",-35.3444429,149.0872192,NA,FALSE,"yellow",2021-09-11,"Public Transport",11,37,54
"198",NA,"Bus Route 66 Transport Canberra Code BUS561","Cooleman Court to Woden Interchange","Public Transport","11/09/2021 - Saturday",22:04:00,22:47:00,"Casual",-35.3444429,149.0871942,NA,FALSE,"yellow",2021-09-11,"Public Transport",11,37,54
"199",NA,"Bus Route 7 Transport Canberra Code BUS561","City West to Weston Creek","Public Transport","11/09/2021 - Saturday",20:07:00,20:35:00,"Casual",-35.2784467,149.1303044,"<strong/>!Location has more than<br> one entry. Zoom in and search table!</strong/>",TRUE,"yellow",2021-09-11,"Public Transport",11,37,54
"200",NA,"BWS Republic Belconnen","1 Edmondstone Place","Belconnen","11/09/2021 - Saturday",13:40:00,14:20:00,"Monitor",-35.2408989,149.0712282,NA,FALSE,"blue",2021-09-11,"Belconnen",11,37,28
"201",NA,"BWS Wanniassa","12 Sangster Place","Wanniassa","11/09/2021 - Saturday",13:50:00,14:40:00,"Monitor",-35.3909032,149.0855739,NA,FALSE,"blue",2021-09-11,"Wanniassa",11,37,17
"202",NA,"Capital Chemist Mawson","Southlands Shopping Centre, 2 Birmingham Road","Mawson","11/09/2021 - Saturday",12:35:00,13:45:00,"Casual",-35.365432,149.0942628,NA,FALSE,"yellow",2021-09-11,"Mawson",11,37,10
"203",NA,"Casey Market Town","15 Kingsland Parade","Casey","11/09/2021 - Saturday",14:00:00,14:50:00,"Monitor",-35.17447,149.0959199,NA,FALSE,"blue",2021-09-11,"Casey",11,37,12
"204",NA,"Coffee Guru Casey","Casey Market, 15 Kingsland Parade","Casey","11/09/2021 - Saturday",14:05:00,14:45:00,"Monitor",-35.1745939,149.0953225,NA,FALSE,"blue",2021-09-11,"Casey",11,37,12
"205",NA,"Colbee Court Chemist","33 Colbee Court","Phillip","11/09/2021 - Saturday",15:05:00,15:50:00,"Monitor",-35.3519501,149.0897591,NA,FALSE,"blue",2021-09-11,"Phillip",11,37,18
"206",NA,"Coles Amaroo","Horse Park Drive","Amaroo","11/09/2021 - Saturday",13:20:00,13:40:00,"Monitor",-35.1646128,149.1318816,NA,FALSE,"blue",2021-09-11,"Amaroo",11,37,13
"207",NA,"Coles Amaroo","Horse Park Drive","Amaroo","11/09/2021 - Saturday",13:25:00,14:00:00,"Monitor",-35.1646128,149.1317316,NA,FALSE,"blue",2021-09-11,"Amaroo",11,37,13
"208",NA,"Coles Amaroo","Horse Park Drive","Amaroo","11/09/2021 - Saturday",10:50:00,11:05:00,"Monitor",-35.1646128,149.1317566,NA,FALSE,"blue",2021-09-11,"Amaroo",11,37,13
"209",NA,"Coles Canberra Centre","Canberra Centre, 148 Bunda Street","Canberra City","11/09/2021 - Saturday",16:30:00,17:50:00,"Casual",-35.2802271,149.1332559,"<strong/>!Location has more than<br> one entry. Zoom in and search table!</strong/>",TRUE,"yellow",2021-09-11,"Canberra City",11,37,29
"210",NA,"Coles Express Manuka","Canberra Avenue and Flinders Way","Griffith","11/09/2021 - Saturday",06:52:00,07:00:00,"Monitor",-35.3200444,149.1343035,NA,FALSE,"blue",2021-09-11,"Griffith",11,37,11
"211",NA,"Coles Manuka","Franklin Street and Flinders Way","Griffith","11/09/2021 - Saturday",09:25:00,10:05:00,"Monitor",-35.3210247,149.1342446,NA,FALSE,"blue",2021-09-11,"Griffith",11,37,11
"212",NA,"EG Fuel Conder","Tharwa Drive","Conder","11/09/2021 - Saturday",11:50:00,12:30:00,"Monitor",-35.4582538,149.0916791,NA,FALSE,"blue",2021-09-11,"Conder",11,37,25
"213",NA,"Fresh Seafood Canberra, Casey","15 Kingsland Parade","Casey","11/09/2021 - Saturday",13:20:00,14:20:00,"Monitor",-35.1743655,149.0953865,NA,FALSE,"blue",2021-09-11,"Casey",11,37,12
"214",NA,"Grill'd Belconnen","Westfield Belconnen, Benjamin Way","Belconnen","11/09/2021 - Saturday",17:20:00,18:15:00,"Casual",-35.2380765,149.0650672,NA,FALSE,"yellow",2021-09-11,"Belconnen",11,37,28
"215",NA,"Lucky's Speed Shop","4/9 Yallourn Street","Fyshwick","11/09/2021 - Saturday",12:00:00,14:30:00,"Close",-35.3325915,149.1693528,NA,FALSE,"red",2021-09-11,"Fyshwick",11,37,5
"216",NA,"Market Meats Belconnen","Belconnen Fresh Food Markets, Lathlain Street","Belconnen","11/09/2021 - Saturday",14:10:00,15:10:00,"Casual",-35.2452107,149.0654823,NA,FALSE,"yellow",2021-09-11,"Belconnen",11,37,28
"217",NA,"Narrabundah Friendly Grocer","6 Iluka Street","Narrabundah","11/09/2021 - Saturday",15:10:00,16:00:00,"Casual",-35.3325783,149.1539484,NA,FALSE,"yellow",2021-09-11,"Narrabundah",11,37,14
"218",NA,"Narrabundah Friendly Grocer","6 Iluka Street","Narrabundah","11/09/2021 - Saturday",18:00:00,18:45:00,"Casual",-35.3325783,149.1538984,NA,FALSE,"yellow",2021-09-11,"Narrabundah",11,37,14
"219",NA,"Narrabundah Friendly Grocer","6 Iluka Street","Narrabundah","11/09/2021 - Saturday",09:05:00,09:50:00,"Monitor",-35.3325783,149.1540734,NA,FALSE,"blue",2021-09-11,"Narrabundah",11,37,14
"220",NA,"Oporto Phillip","82 Parramatta Street","Phillip","11/09/2021 - Saturday",20:35:00,21:20:00,"Monitor",-35.35521,149.0903394,NA,FALSE,"blue",2021-09-11,"Phillip",11,37,18
"221",NA,"Renaissance Manuka Worksite","Light Street","Griffith","11/09/2021 - Saturday",07:20:00,13:00:00,"Casual",-35.3215198,149.1360785,NA,FALSE,"yellow",2021-09-11,"Griffith",11,37,11
"222",NA,"Sea Harvest Belconnen","10 Lathlain Street","Belconnen","11/09/2021 - Saturday",13:50:00,14:50:00,"Casual",-35.2458789,149.0654736,NA,FALSE,"yellow",2021-09-11,"Belconnen",11,37,28
"223",NA,"Supabarn Casey","15 Kingsland Parade","Casey","11/09/2021 - Saturday",17:45:00,19:00:00,"Casual",-35.1741413,149.0960254,NA,FALSE,"yellow",2021-09-11,"Casey",11,37,12
"224",NA,"Supabarn Casey","15 Kingsland Parade","Casey","11/09/2021 - Saturday",20:45:00,21:20:00,"Monitor",-35.17447,149.0958949,NA,FALSE,"blue",2021-09-11,"Casey",11,37,12
"225",NA,"The Pharmacy on Petrie","148 Bunda Street","Canberra City","11/09/2021 - Saturday",16:30:00,18:00:00,"Monitor",-35.2788096,149.1335076,NA,FALSE,"blue",2021-09-11,"Canberra City",11,37,29
"226",NA,"Tuggeranong Discount Drug Store","17 Anketell Street","Greenway","11/09/2021 - Saturday",15:10:00,15:50:00,"Monitor",-35.4168087,149.0678945,NA,FALSE,"blue",2021-09-11,"Greenway",11,37,12
"227",NA,"Woolworths Conder","Lanyon Marketplace, 4 Sidney Nolan Street","Conder","11/09/2021 - Saturday",14:20:00,15:10:00,"Casual",-35.457644,149.092486,"<strong/>!Location has more than<br> one entry. Zoom in and search table!</strong/>",TRUE,"yellow",2021-09-11,"Conder",11,37,25
"228",NA,"Woolworths Dickson","1 Dickson Place","Dickson","11/09/2021 - Saturday",11:50:00,12:40:00,"Monitor",-35.249974,149.1386501,NA,FALSE,"blue",2021-09-11,"Dickson",11,37,6
"229",NA,"Woolworths Mawson","15 Mawson Place","Mawson","11/09/2021 - Saturday",12:50:00,13:40:00,"Monitor",-35.3661449,149.0946696,NA,FALSE,"blue",2021-09-11,"Mawson",11,37,10
"230",NA,"Woolworths Mawson","15 Mawson Place","Mawson","11/09/2021 - Saturday",17:15:00,18:15:00,"Casual",-35.3661449,149.0947696,NA,FALSE,"yellow",2021-09-11,"Mawson",11,37,10
"231",NA,"Woolworths Metro Hawker","Springvale Drive","Hawker","11/09/2021 - Saturday",19:20:00,20:10:00,"Monitor",-35.2433647,149.0441742,NA,FALSE,"blue",2021-09-11,"Hawker",11,37,3
"232",NA,"Woolworths Woden","Westfield Woden, Keltie Street","Phillip","11/09/2021 - Saturday",15:30:00,17:00:00,"Casual",-35.345964,149.084759,NA,FALSE,"yellow",2021-09-11,"Phillip",11,37,18
"233","New","Canberra Paediatric Dentistry","2/12 Napier Close","Deakin","10/09/2021 - Friday",11:15:00,12:40:00,"Casual",-35.3218193,149.0952148,NA,FALSE,"yellow",2021-09-10,"Deakin",10,37,1
"234",NA,"7-Eleven Braddon","20 Mort Street","Braddon","10/09/2021 - Friday",14:30:00,18:30:00,"Monitor",-35.275691,149.1316658,NA,FALSE,"blue",2021-09-10,"Braddon",10,37,6
"235",NA,"Abode Woden","10 Bowes Street","Phillip","10/09/2021 - Friday",00:00:00,23:59:00,"Monitor",-35.3433861,149.0858464,NA,FALSE,"blue",2021-09-10,"Phillip",10,37,18
"236",NA,"ACT Law Courts - Bail Office","4-6 Knowles Place","Canberra City","10/09/2021 - Friday",15:35:00,16:25:00,"Casual",-35.2803475,149.1270913,NA,FALSE,"yellow",2021-09-10,"Canberra City",10,37,29
"237",NA,"ACT Law Courts - Ground level Foyer","4-6 Knowles Place","Canberra City","10/09/2021 - Friday",14:10:00,14:45:00,"Casual",-35.2803475,149.1272413,NA,FALSE,"yellow",2021-09-10,"Canberra City",10,37,29
"238",NA,"ACT Law Courts - Magistrates Court (Level 1 Foyer outside rooms 1 and 2 only)","4-6 Knowles Place","Canberra City","10/09/2021 - Friday",14:10:00,15:30:00,"Casual",-35.2803475,149.1271913,NA,FALSE,"yellow",2021-09-10,"Canberra City",10,37,29
"239",NA,"ACT Law Courts - Magistrates Court (Room 2 only)","4-6 Knowles Place","Canberra City","10/09/2021 - Friday",14:55:00,16:10:00,"Casual",-35.2803475,149.1271413,NA,FALSE,"yellow",2021-09-10,"Canberra City",10,37,29
"240",NA,"Blackjack Kiosk","50-68 Comrie Street","Wanniassa","10/09/2021 - Friday",10:30:00,11:10:00,"Monitor",-35.4040236,149.0984006,NA,FALSE,"blue",2021-09-10,"Wanniassa",10,37,17
"241",NA,"Bus Route 19 Transport Canberra Code BUS598","Gungahlin Interchange to Bonner","Public Transport","10/09/2021 - Friday",16:57:00,17:11:00,"Casual",-35.16413,149.13322,NA,FALSE,"yellow",2021-09-10,"Public Transport",10,37,54
"242",NA,"Bus Route 20 Transport Canberra Code BUS403","Bonner to Gungahlin Interchange","Public Transport","10/09/2021 - Friday",06:59:00,07:10:00,"Casual",-35.2809368,149.1299092,NA,FALSE,"yellow",2021-09-10,"Public Transport",10,37,54
"243",NA,"BWS Erindale","50-68 Comrie Street","Wanniassa","10/09/2021 - Friday",10:25:00,11:05:00,"Monitor",-35.4037618,149.0986845,NA,FALSE,"blue",2021-09-10,"Wanniassa",10,37,17
"244",NA,"BWS Woden","Westfield Woden, Keltie Street","Phillip","10/09/2021 - Friday",15:10:00,15:50:00,"Monitor",-35.3459559,149.0851749,NA,FALSE,"blue",2021-09-10,"Phillip",10,37,18
"245",NA,"Cellarbrations Erindale","1/50 Denigan Street","Wanniassa","10/09/2021 - Friday",16:00:00,16:35:00,"Monitor",-35.4038487,149.0964993,NA,FALSE,"blue",2021-09-10,"Wanniassa",10,37,17
"246",NA,"Chargrilld Eatery and Pizza Bar","1/59 Cameron Avenue","Belconnen","10/09/2021 - Friday",11:40:00,12:20:00,"Monitor",-35.2409706,149.0709715,NA,FALSE,"blue",2021-09-10,"Belconnen",10,37,28
"247",NA,"Coles Canberra Centre","Canberra Centre, 148 Bunda Street","Canberra City","10/09/2021 - Friday",12:00:00,12:40:00,"Monitor",-35.2802271,149.1332309,"<strong/>!Location has more than<br> one entry. Zoom in and search table!</strong/>",TRUE,"blue",2021-09-10,"Canberra City",10,37,29
"248",NA,"Coles Canberra Centre","Canberra Centre, 148 Bunda Street","Canberra City","10/09/2021 - Friday",07:45:00,08:20:00,"Monitor",-35.2802271,149.1332059,"<strong/>!Location has more than<br> one entry. Zoom in and search table!</strong/>",TRUE,"blue",2021-09-10,"Canberra City",10,37,29
"249",NA,"Coles Express Belconnen","Lathlain Street and Wignall Place","Belconnen","10/09/2021 - Friday",20:05:00,21:00:00,"Casual",-35.242649,149.063961,NA,FALSE,"yellow",2021-09-10,"Belconnen",10,37,28
"250",NA,"Department of Education, Skills and Employment Building","140-180 City Walk, Garema Court","Canberra City","10/09/2021 - Friday",08:40:00,16:45:00,"Monitor",-35.2783596,149.1320553,NA,FALSE,"blue",2021-09-10,"Canberra City",10,37,29
"251",NA,"Department of Education, Skills and Employment, Level 7","140-180 City Walk, Garema Court","Canberra City","10/09/2021 - Friday",08:40:00,16:45:00,"Casual",-35.2789018,149.1313084,NA,FALSE,"yellow",2021-09-10,"Canberra City",10,37,29
"252",NA,"EG Fuel Conder","Tharwa Drive","Conder","10/09/2021 - Friday",23:00:00,23:40:00,"Monitor",-35.4582538,149.0916541,NA,FALSE,"blue",2021-09-10,"Conder",10,37,25
"253",NA,"IGA Banks","Pockett Avenue and Brockway Street","Banks","10/09/2021 - Friday",14:25:00,15:00:00,"Monitor",-35.4725,149.0955556,NA,FALSE,"blue",2021-09-10,"Banks",10,37,3
"254",NA,"IGA X-press East Row","22-58 East Row","Canberra City","10/09/2021 - Friday",19:00:00,20:00:00,"Monitor",-35.2791945,149.1306687,NA,FALSE,"blue",2021-09-10,"Canberra City",10,37,29
"255",NA,"Light Rail Route 1 Transport Canberra Code LRV007","Gungahlin Place to Alinga Street","Public Transport","10/09/2021 - Friday",07:15:00,07:39:00,"Casual",-35.2782991,149.1284604,NA,FALSE,"yellow",2021-09-10,"Public Transport",10,37,54
"256",NA,"Light Rail Route 1 Transport Canberra Code LRV013","Alinga Street to Gungahlin Place","Public Transport","10/09/2021 - Friday",16:18:00,16:43:00,"Casual",-35.2782991,149.1284104,NA,FALSE,"yellow",2021-09-10,"Public Transport",10,37,54
"257",NA,"Liquorland Woden","Westfield Woden, Keltie Street","Phillip","10/09/2021 - Friday",15:10:00,15:50:00,"Monitor",-35.3463199,149.0860576,NA,FALSE,"blue",2021-09-10,"Phillip",10,37,18
"258",NA,"Mint Rd","4/59 Boolimba Crescent","Narrabundah","10/09/2021 - Friday",08:25:00,09:05:00,"Monitor",-35.3328842,149.1538066,NA,FALSE,"blue",2021-09-10,"Narrabundah",10,37,14
"259",NA,"Molonglo Dental Surgery","5/110 Woodberry Avenue","Coombs","10/09/2021 - Friday",09:50:00,10:45:00,"Casual",-35.3196945,149.0400585,NA,FALSE,"yellow",2021-09-10,"Coombs",10,37,3
"260",NA,"Moon Restaurant","41 Chandler Street","Belconnen","10/09/2021 - Friday",12:00:00,12:50:00,"Casual",-35.2394623,149.0709502,NA,FALSE,"yellow",2021-09-10,"Belconnen",10,37,28
"261",NA,"Narrabundah Friendly Grocer","6 Iluka Street","Narrabundah","10/09/2021 - Friday",19:20:00,20:10:00,"Monitor",-35.3325783,149.1538484,NA,FALSE,"blue",2021-09-10,"Narrabundah",10,37,14
"262",NA,"Narrabundah Friendly Grocer","6 Iluka Street","Narrabundah","10/09/2021 - Friday",08:30:00,09:10:00,"Monitor",-35.3325783,149.1540234,NA,FALSE,"blue",2021-09-10,"Narrabundah",10,37,14
"263",NA,"Pacifik Halal Meats","54-56/141 Ernest Cavanagh","Gungahlin","10/09/2021 - Friday",17:05:00,18:15:00,"Casual",-35.1848047,149.136463,NA,FALSE,"yellow",2021-09-10,"Gungahlin",10,37,24
"264",NA,"Pizza Hut Kippax","102 Hardwick Crescent","Holt","10/09/2021 - Friday",12:00:00,12:40:00,"Monitor",-35.2212396,149.0181561,NA,FALSE,"blue",2021-09-10,"Holt",10,37,13
"265",NA,"Tuggeranong Discount Drug Store","17 Anketell Street","Greenway","10/09/2021 - Friday",14:50:00,15:45:00,"Monitor",-35.4168087,149.0678445,NA,FALSE,"blue",2021-09-10,"Greenway",10,37,12
"266",NA,"Two Before Ten Aranda","69 Bandjalong Crescent","Aranda","10/09/2021 - Friday",10:25:00,11:10:00,"Monitor",-35.2564051,149.078765,NA,FALSE,"blue",2021-09-10,"Aranda",10,37,2
"267",NA,"Winnunga Nimmityjah Aboriginal Health Service - Main Reception in the new building","63 Boolimba Crescent","Narrabundah","10/09/2021 - Friday",08:30:00,16:00:00,"Casual",-35.3332292,149.1556693,NA,FALSE,"yellow",2021-09-10,"Narrabundah",10,37,14
"268",NA,"Wokitup! Amaroo","11 Pioneer Street","Amaroo","10/09/2021 - Friday",17:50:00,18:00:00,"Monitor",-35.1646953,149.1316572,NA,FALSE,"blue",2021-09-10,"Amaroo",10,37,13
"269",NA,"Woolworths Conder","Lanyon Marketplace, 4 Sidney Nolan Street","Conder","10/09/2021 - Friday",18:10:00,18:50:00,"Monitor",-35.457644,149.092486,"<strong/>!Location has more than<br> one entry. Zoom in and search table!</strong/>",TRUE,"blue",2021-09-10,"Conder",10,37,25
"270",NA,"Woolworths Erindale","50-68 Comrie Street","Wanniassa","10/09/2021 - Friday",16:40:00,17:20:00,"Monitor",-35.4035739,149.098777,NA,FALSE,"blue",2021-09-10,"Wanniassa",10,37,17
"271",NA,"Woolworths Mawson","15 Mawson Place","Mawson","10/09/2021 - Friday",15:15:00,16:00:00,"Casual",-35.3661449,149.0946946,NA,FALSE,"yellow",2021-09-10,"Mawson",10,37,10
"272",NA,"Woolworths Metro Cameron Avenue","1/6 Grazier Lane","Belconnen","10/09/2021 - Friday",14:00:00,14:45:00,"Monitor",-35.2401725,149.0719563,NA,FALSE,"blue",2021-09-10,"Belconnen",10,37,28
"273",NA,"Woolworths Metro Cameron Avenue","1/6 Grazier Lane","Belconnen","10/09/2021 - Friday",20:20:00,21:00:00,"Monitor",-35.2401725,149.0720063,NA,FALSE,"blue",2021-09-10,"Belconnen",10,37,28
"274",NA,"Woolworths Woden","Westfield Woden, Keltie Street","Phillip","10/09/2021 - Friday",14:45:00,15:45:00,"Casual",-35.345964,149.084709,NA,FALSE,"yellow",2021-09-10,"Phillip",10,37,18
"275","New","Woolworths Tuggeranong","Tuggeranong Southpoint, Corner Anketell and Reed Street","Greenway","10/09/2021 - Friday",19:30:00,21:30:00,"Monitor",-35.4171865,149.0676648,NA,FALSE,"blue",2021-09-10,"Greenway",10,37,12
"276",NA,"Abode Woden","10 Bowes Street","Phillip","09/09/2021 - Thursday",00:00:00,23:59:00,"Monitor",-35.3433861,149.0857964,NA,FALSE,"blue",2021-09-09,"Phillip",9,36,18
"277",NA,"ALDI Amaroo","12 Pioneer Street","Amaroo","09/09/2021 - Thursday",08:30:00,08:45:00,"Monitor",-35.1652442,149.132457,NA,FALSE,"blue",2021-09-09,"Amaroo",9,36,13
"278",NA,"Ampol Foodary Braddon","36 Lonsdale Street","Braddon","09/09/2021 - Thursday",21:00:00,21:40:00,"Monitor",-35.2710315,149.1334298,NA,FALSE,"blue",2021-09-09,"Braddon",9,36,6
"279",NA,"Boss Projects Group, Gungahlin Village Site","Gungahlin Place and Hibberson Street","Gungahlin","09/09/2021 - Thursday",09:15:00,16:00:00,"Casual",-35.1868916,149.1367894,NA,FALSE,"yellow",2021-09-09,"Gungahlin",9,36,24
"280",NA,"Bus Route 3 Transport Canberra Code BUS702","City Interchange to Westfield Belconnen Interchange","Public Transport","09/09/2021 - Thursday",08:24:00,08:40:00,"Casual",-35.2784467,149.1303044,NA,FALSE,"yellow",2021-09-09,"Public Transport",9,36,54
"281",NA,"Bus Route 45 Transport Canberra Code BUS506","Westfield Belconnen Interchange to Hawker","Public Transport","09/09/2021 - Thursday",08:53:00,09:01:00,"Casual",-35.2380765,149.0650172,NA,FALSE,"yellow",2021-09-09,"Public Transport",9,36,54
"282",NA,"Coffee Guru Casey","Casey Marketown, 15 Kingsland Parade","Casey","09/09/2021 - Thursday",07:30:00,08:10:00,"Monitor",-35.1745939,149.0953475,NA,FALSE,"blue",2021-09-09,"Casey",9,36,12
"283",NA,"Coles Amaroo","Horse Park Drive","Amaroo","09/09/2021 - Thursday",08:15:00,08:30:00,"Monitor",-35.1646128,149.1317066,NA,FALSE,"blue",2021-09-09,"Amaroo",9,36,13
"284",NA,"Coles Manuka","Franklin Street and Flinders Way","Griffith","09/09/2021 - Thursday",17:22:00,18:10:00,"Casual",-35.3210247,149.1341696,"<strong/>!Location has more than<br> one entry. Zoom in and search table!</strong/>",TRUE,"yellow",2021-09-09,"Griffith",9,36,11
"285",NA,"Coyote Catering and Cafe","1/8 Gladstone","Fyshiwick","09/09/2021 - Thursday",08:00:00,10:30:00,"Casual",-35.3230401,149.1736403,NA,FALSE,"yellow",2021-09-09,"Fyshiwick",9,36,1
"286",NA,"Dina's Liquor","7 East Row Street","Canberra City","09/09/2021 - Thursday",22:00:00,23:00:00,"Monitor",-35.2794041,149.1304137,NA,FALSE,"blue",2021-09-09,"Canberra City",9,36,29
"287",NA,"EG Fuel Dickson","1 Cape Street","Dickson","09/09/2021 - Thursday",12:05:00,12:45:00,"Monitor",-35.2511626,149.1373655,NA,FALSE,"blue",2021-09-09,"Dickson",9,36,6
"288",NA,"Elixir Cafe","Queen Elizabeth Terrace","Parkes","09/09/2021 - Thursday",13:00:00,13:40:00,"Monitor",-35.2974191,149.1352154,NA,FALSE,"blue",2021-09-09,"Parkes",9,36,1
"289",NA,"McDonalds Fyshwick","173 Newcastle Street","Fyshwick","09/09/2021 - Thursday",15:45:00,16:00:00,"Monitor",-35.3251136,149.1713739,NA,FALSE,"blue",2021-09-09,"Fyshwick",9,36,5
"290",NA,"Metro petroleum Fyshwick","15 Barrier Street","Fyshwick","09/09/2021 - Thursday",08:00:00,08:40:00,"Monitor",-35.3291866,149.1728096,NA,FALSE,"blue",2021-09-09,"Fyshwick",9,36,5
"291",NA,"Mint Rd","4/59 Boolimba Crescent","Narrabundah","09/09/2021 - Thursday",08:30:00,09:10:00,"Monitor",-35.3328842,149.1537566,NA,FALSE,"blue",2021-09-09,"Narrabundah",9,36,14
"292",NA,"Molonglo Dental Surgery","5/110 Woodberry Avenue","Coombs","09/09/2021 - Thursday",09:20:00,16:00:00,"Casual",-35.3196945,149.0400085,NA,FALSE,"yellow",2021-09-09,"Coombs",9,36,3
"293",NA,"Narrabundah Pharmacy and Post Office","18 Iluka Street","Narrabundah","09/09/2021 - Thursday",08:30:00,09:15:00,"Monitor",-35.3328701,149.1538591,NA,FALSE,"blue",2021-09-09,"Narrabundah",9,36,14
"294",NA,"Woolworths Conder","Lanyon Marketplace, 4 Sidney Nolan Street","Conder","09/09/2021 - Thursday",14:30:00,15:20:00,"Casual",-35.457644,149.092436,"<strong/>!Location has more than<br> one entry. Zoom in and search table!</strong/>",TRUE,"yellow",2021-09-09,"Conder",9,36,25
"295",NA,"Woolworths Erindale","Erindale Shopping Centre, 50-68 Comrie Street","Wanniassa","09/09/2021 - Thursday",08:10:00,09:00:00,"Monitor",-35.4035739,149.098727,NA,FALSE,"blue",2021-09-09,"Wanniassa",9,36,17
"296",NA,"Woolworths Mawson","15 Mawson Place","Mawson","09/09/2021 - Thursday",18:15:00,19:20:00,"Casual",-35.3661449,149.0946196,NA,FALSE,"yellow",2021-09-09,"Mawson",9,36,10
"297",NA,"Woolworths Metro Cameron Avenue","1/6 Grazier Lane","Belconnen","09/09/2021 - Thursday",15:15:00,16:00:00,"Monitor",-35.2401725,149.0718813,NA,FALSE,"blue",2021-09-09,"Belconnen",9,36,28
"298",NA,"Woolworths Metro Cameron Avenue","1/6 Grazier Lane","Belconnen","09/09/2021 - Thursday",21:00:00,21:40:00,"Monitor",-35.2401725,149.0719813,NA,FALSE,"blue",2021-09-09,"Belconnen",9,36,28
"299",NA,"7-Eleven Braddon","20 Mort Street","Braddon","08/09/2021 - Wednesday",02:30:00,03:30:00,"Monitor",-35.275691,149.1316158,NA,FALSE,"blue",2021-09-08,"Braddon",8,36,6
"300",NA,"7-Eleven Casey","10 Kingsland Parade","Casey","08/09/2021 - Wednesday",13:30:00,14:15:00,"Monitor",-35.175773,149.0957076,NA,FALSE,"blue",2021-09-08,"Casey",8,36,12
"301",NA,"7-Eleven Casey","10 Kingsland Parade","Casey","08/09/2021 - Wednesday",18:20:00,19:00:00,"Monitor",-35.175773,149.0956826,NA,FALSE,"blue",2021-09-08,"Casey",8,36,12
"302",NA,"Abode Woden","10 Bowes Street","Phillip","08/09/2021 - Wednesday",20:00:00,23:59:00,"Monitor",-35.3433861,149.0857464,NA,FALSE,"blue",2021-09-08,"Phillip",8,36,18
"303",NA,"ACT Endodontics","Suite 1A, 11 Fitzroy Street","Forrest","08/09/2021 - Wednesday",10:00:00,11:10:00,"Casual",-35.315477,149.132857,NA,FALSE,"yellow",2021-09-08,"Forrest",8,36,1
"304",NA,"ALDI Canberra Centre","Canberra Centre, 148 Bunda Street","Canberra City","08/09/2021 - Wednesday",09:00:00,10:00:00,"Monitor",-35.2802271,149.1331809,"<strong/>!Location has more than<br> one entry. Zoom in and search table!</strong/>",TRUE,"blue",2021-09-08,"Canberra City",8,36,29
"305",NA,"ALDI Kippax","Kippax Fair Shopping Centre, Hardwick Crescent","Holt","08/09/2021 - Wednesday",16:20:00,17:00:00,"Monitor",-35.2218013,149.0195113,NA,FALSE,"blue",2021-09-08,"Holt",8,36,13
"306",NA,"ALDI Kippax","Kippax Fair Shopping Centre, Hardwick Crescent","Holt","08/09/2021 - Wednesday",17:20:00,18:20:00,"Casual",-35.2218013,149.0195363,NA,FALSE,"yellow",2021-09-08,"Holt",8,36,13
"307",NA,"Amcal+ Pharmacy Belconnen","Westfield Belconnen, Benjamin Way","Belconnen","08/09/2021 - Wednesday",09:10:00,10:25:00,"Casual",-35.2464419,149.0675969,NA,FALSE,"yellow",2021-09-08,"Belconnen",8,36,28
"308",NA,"Boss Projects Group, Gungahlin Village Site","Gungahlin Place and Hibberson Street","Gungahlin","08/09/2021 - Wednesday",07:00:00,16:00:00,"Casual",-35.1868916,149.1367394,NA,FALSE,"yellow",2021-09-08,"Gungahlin",8,36,24
"309",NA,"Bus Route 5 Transport Canberra Code BUS538","Lanyon Shops to City Interchange","Public Transport","08/09/2021 - Wednesday",08:19:00,09:20:00,"Casual",-35.2784467,149.1302294,NA,FALSE,"yellow",2021-09-08,"Public Transport",8,36,54
"310",NA,"Cedars of Lebanon","Southlands Centre, Mawson Place","Mawson","08/09/2021 - Wednesday",14:00:00,15:10:00,"Casual",-35.3653507,149.0943024,NA,FALSE,"yellow",2021-09-08,"Mawson",8,36,10
"311",NA,"Chemist Warehouse Belconnen Markets","2 Ibbott Lane","Belconnen","08/09/2021 - Wednesday",15:30:00,16:15:00,"Monitor",-35.2461471,149.0645897,NA,FALSE,"blue",2021-09-08,"Belconnen",8,36,28
"312",NA,"Coffee Guru Casey","Casey Marketown, 15 Kingsland Parade","Casey","08/09/2021 - Wednesday",07:40:00,08:20:00,"Monitor",-35.1745939,149.0952975,NA,FALSE,"blue",2021-09-08,"Casey",8,36,12
"313",NA,"Coles Canberra Centre","Canberra Centre, 148 Bunda Street","Canberra City","08/09/2021 - Wednesday",13:35:00,14:30:00,"Casual",-35.2802271,149.1331559,NA,FALSE,"yellow",2021-09-08,"Canberra City",8,36,29
"314",NA,"Coles Express Hawker","20 Springvale Drive and Hawker Place","Hawker","08/09/2021 - Wednesday",10:10:00,11:00:00,"Monitor",-35.2441665,149.044002,NA,FALSE,"blue",2021-09-08,"Hawker",8,36,3
"315",NA,"Coles Manuka","Franklin Street and Flinders Way","Griffith","08/09/2021 - Wednesday",17:00:00,17:45:00,"Monitor",-35.3210247,149.1341446,NA,FALSE,"blue",2021-09-08,"Griffith",8,36,11
"316",NA,"Corks Liquor Conder","18 Norman Lindsay Street","Conder","08/09/2021 - Wednesday",18:40:00,19:20:00,"Monitor",-35.4583852,149.0934812,NA,FALSE,"blue",2021-09-08,"Conder",8,36,25
"317",NA,"Costco Canberra","39-41 Mustang Avenue","Canberra Airport","08/09/2021 - Wednesday",16:00:00,17:10:00,"Casual",-35.2972375,149.1905589,NA,FALSE,"yellow",2021-09-08,"Canberra Airport",8,36,7
"318",NA,"Costco Fuel","39 Mustang Avenue","Canberra Airport","08/09/2021 - Wednesday",15:30:00,16:30:00,"Monitor",-35.2972375,149.1906089,NA,FALSE,"blue",2021-09-08,"Canberra Airport",8,36,7
"319",NA,"Dina's Liquor","7 East Row Street","Canberra City","08/09/2021 - Wednesday",22:00:00,23:00:00,"Monitor",-35.2794041,149.1303887,NA,FALSE,"blue",2021-09-08,"Canberra City",8,36,29
"320",NA,"IGA Banks","Pockett Avenue and Brockway Street","Banks","08/09/2021 - Wednesday",08:10:00,08:50:00,"Monitor",-35.4725,149.0955056,NA,FALSE,"blue",2021-09-08,"Banks",8,36,3
"321",NA,"IGA Yarralumla","23 Bentham Street","Yarralumla","08/09/2021 - Wednesday",13:00:00,13:40:00,"Monitor",-35.3073634,149.0976678,NA,FALSE,"blue",2021-09-08,"Yarralumla",8,36,1
"322",NA,"Kippax Fair Shopping Centre","26 Hardwick Crescent","Holt","08/09/2021 - Wednesday",17:10:00,18:20:00,"Monitor",-35.2218013,149.0194613,NA,FALSE,"blue",2021-09-08,"Holt",8,36,13
"323",NA,"Lanyon Post Office","Lanyon Marketplace, 4 Sidney Nolan Street","Conder","08/09/2021 - Wednesday",15:45:00,16:40:00,"Casual",-35.457682,149.0924997,NA,FALSE,"yellow",2021-09-08,"Conder",8,36,25
"324",NA,"Malkara Specialist School","53 Wisdom Street","Garran","08/09/2021 - Wednesday",08:30:00,15:30:00,"Close",-35.3375707,149.0939624,NA,FALSE,"red",2021-09-08,"Garran",8,36,2
"325",NA,"Mint Rd","4/59 Boolimba Crescent","Narrabundah","08/09/2021 - Wednesday",08:35:00,09:10:00,"Monitor",-35.3328842,149.1537066,NA,FALSE,"blue",2021-09-08,"Narrabundah",8,36,14
"326",NA,"Molonglo Dental Surgery","5/110 Woodberry Avenue","Coombs","08/09/2021 - Wednesday",09:50:00,15:30:00,"Casual",-35.3196945,149.0399585,NA,FALSE,"yellow",2021-09-08,"Coombs",8,36,3
"327",NA,"Narrabundah Friendly Grocer","6 Iluka Street","Narrabundah","08/09/2021 - Wednesday",13:40:00,14:30:00,"Casual",-35.3325783,149.1539734,NA,FALSE,"yellow",2021-09-08,"Narrabundah",8,36,14
"328",NA,"Narrabundah Pharmacy and Post Office","18 Iluka Street","Narrabundah","08/09/2021 - Wednesday",08:35:00,09:15:00,"Monitor",-35.3328701,149.1538091,NA,FALSE,"blue",2021-09-08,"Narrabundah",8,36,14
"329",NA,"Optimal Pharmacy Plus Jamison","Jamison Plaza, Bowman Street","Macquarie","08/09/2021 - Wednesday",09:30:00,10:15:00,"Monitor",-35.2527782,149.0718808,NA,FALSE,"blue",2021-09-08,"Macquarie",8,36,3
"330",NA,"Shell Coles Express Charnwood","Lhotsky Street and Charnwood Place","Charnwood","08/09/2021 - Wednesday",17:00:00,18:00:00,"Monitor",-35.2056325,149.0333072,NA,FALSE,"blue",2021-09-08,"Charnwood",8,36,5
"331",NA,"The Reject Shop Kippax","Kippax Fair Shopping Centre, Hardwick Crescent","Holt","08/09/2021 - Wednesday",17:10:00,18:00:00,"Monitor",-35.2222071,149.0195758,NA,FALSE,"blue",2021-09-08,"Holt",8,36,13
"332",NA,"Woolworths Conder","Lanyon Marketplace, 4 Sidney Nolan Street","Conder","08/09/2021 - Wednesday",15:45:00,16:45:00,"Monitor",-35.457644,149.092436,"<strong/>!Location has more than<br> one entry. Zoom in and search table!</strong/>",TRUE,"blue",2021-09-08,"Conder",8,36,25
"333",NA,"Woolworths Conder","Lanyon Marketplace, 4 Sidney Nolan Street","Conder","08/09/2021 - Wednesday",15:50:00,17:00:00,"Casual",-35.457644,149.092386,"<strong/>!Location has more than<br> one entry. Zoom in and search table!</strong/>",TRUE,"yellow",2021-09-08,"Conder",8,36,25
"334",NA,"Woolworths Conder","Lanyon Marketplace, 4 Sidney Nolan Street","Conder","08/09/2021 - Wednesday",18:50:00,19:30:00,"Monitor",-35.457644,149.092386,"<strong/>!Location has more than<br> one entry. Zoom in and search table!</strong/>",TRUE,"blue",2021-09-08,"Conder",8,36,25
"335",NA,"Woolworths Kambah","2 Primmer Court","Kambah","08/09/2021 - Wednesday",15:30:00,17:00:00,"Casual",-35.3801801,149.0572447,NA,FALSE,"yellow",2021-09-08,"Kambah",8,36,4
"336",NA,"Woolworths Mawson","15 Mawson Place","Mawson","08/09/2021 - Wednesday",15:25:00,16:10:00,"Monitor",-35.3661449,149.0945946,NA,FALSE,"blue",2021-09-08,"Mawson",8,36,10
"337",NA,"Woolworths Metro Cameron Avenue","1/6 Grazier Lane","Belconnen","08/09/2021 - Wednesday",13:40:00,14:20:00,"Monitor",-35.2401725,149.0719313,NA,FALSE,"blue",2021-09-08,"Belconnen",8,36,28
"338",NA,"Woolworths Metro Cameron Avenue","1/6 Grazier Lane","Belconnen","08/09/2021 - Wednesday",16:10:00,16:50:00,"Monitor",-35.2401725,149.0719063,NA,FALSE,"blue",2021-09-08,"Belconnen",8,36,28
"339",NA,"Woolworths Metro Cameron Avenue","1/6 Grazier Lane","Belconnen","08/09/2021 - Wednesday",21:40:00,22:00:00,"Monitor",-35.2401725,149.0718313,NA,FALSE,"blue",2021-09-08,"Belconnen",8,36,28
"340","New","Woolworths Metro Hawker","Springvale Drive","Hawker","07/09/2021 - Tuesday",10:20:00,11:00:00,"Monitor",-35.2433647,149.0441492,NA,FALSE,"blue",2021-09-07,"Hawker",7,36,3
"341",NA,"ALDI Canberra Centre","Canberra Centre, 148 Bunda Street","Canberra City","07/09/2021 - Tuesday",09:00:00,10:00:00,"Monitor",-35.2802271,149.1331309,NA,FALSE,"blue",2021-09-07,"Canberra City",7,36,29
"342",NA,"BlackJack Kiosk","50-68 Comrie Street","Wanniassa","07/09/2021 - Tuesday",11:25:00,12:00:00,"Monitor",-35.4040236,149.0984256,NA,FALSE,"blue",2021-09-07,"Wanniassa",7,36,17
"343",NA,"CG's Discount Tobacconist","25 Dickson Place","Dickson","07/09/2021 - Tuesday",10:50:00,11:30:00,"Monitor",-35.2502305,149.1394208,NA,FALSE,"blue",2021-09-07,"Dickson",7,36,6
"344",NA,"CG's Discount Tobacconist","25 Dickson Place","Dickson","07/09/2021 - Tuesday",14:10:00,15:10:00,"Monitor",-35.2502305,149.1393708,NA,FALSE,"blue",2021-09-07,"Dickson",7,36,6
"345",NA,"Corks Liquor Conder","18 Norman Lindsay Street","Conder","07/09/2021 - Tuesday",16:40:00,17:30:00,"Monitor",-35.4583852,149.0934312,NA,FALSE,"blue",2021-09-07,"Conder",7,36,25
"346",NA,"Corks Liquor Conder","18 Norman Lindsay Street","Conder","07/09/2021 - Tuesday",19:45:00,20:30:00,"Monitor",-35.4583852,149.0933812,NA,FALSE,"blue",2021-09-07,"Conder",7,36,25
"347",NA,"Dina's Liquor","7 East Row Street","Canberra City","07/09/2021 - Tuesday",22:00:00,23:00:00,"Monitor",-35.2794041,149.1303387,NA,FALSE,"blue",2021-09-07,"Canberra City",7,36,29
"348",NA,"Hungry Jacks Fyshwick","Corner 100 Newcastle Street and Wollongong Street","Fyshwick","07/09/2021 - Tuesday",15:35:00,16:30:00,"Monitor",-35.3278777,149.1779293,NA,FALSE,"blue",2021-09-07,"Fyshwick",7,36,5
"349",NA,"IBIS Budget Hotel Canberra","15 Tay Street","Watson","07/09/2021 - Tuesday",00:00:00,16:00:00,"Casual",-35.224856,149.1671233,NA,FALSE,"yellow",2021-09-07,"Watson",7,36,4
"350",NA,"Lanyon Pharmacy","Lanyon Marketplace, 4 Sidney Nolan Street","Conder","07/09/2021 - Tuesday",08:50:00,09:40:00,"Monitor",-35.4574587,149.0925305,NA,FALSE,"blue",2021-09-07,"Conder",7,36,25
"351",NA,"Lanyon Post Office","Lanyon Marketplace, 4 Sidney Nolan Street","Conder","07/09/2021 - Tuesday",12:25:00,13:00:00,"Monitor",-35.457682,149.0924497,NA,FALSE,"blue",2021-09-07,"Conder",7,36,25
"352",NA,"Local Liquor East Row","22-58 East Row Street","Canberra City","07/09/2021 - Tuesday",19:00:00,20:00:00,"Monitor",-35.2794041,149.1303137,NA,FALSE,"blue",2021-09-07,"Canberra City",7,36,29
"353",NA,"Malkara Specialist School","53 Wisdom Street","Garran","07/09/2021 - Tuesday",08:30:00,15:30:00,"Close",-35.3375707,149.0939124,NA,FALSE,"red",2021-09-07,"Garran",7,36,2
"354",NA,"NewsXpress Wanniassa","50-68 Comrie Street","Wanniassa","07/09/2021 - Tuesday",11:31:00,12:00:00,"Monitor",-35.4035739,149.098652,NA,FALSE,"blue",2021-09-07,"Wanniassa",7,36,17
"355",NA,"Nipperville Early Learning Centre","6 Gwynne Street","Watson","07/09/2021 - Tuesday",08:45:00,18:10:00,"Close",-35.2391185,149.1527793,NA,FALSE,"red",2021-09-07,"Watson",7,36,4
"356",NA,"Optimal Pharmacy Plus Jamison","Jamison Plaza, Bowman Street","Macquarie","07/09/2021 - Tuesday",07:55:00,08:40:00,"Monitor",-35.2527782,149.0718308,NA,FALSE,"blue",2021-09-07,"Macquarie",7,36,3
"357",NA,"Shell Coles Express Charnwood","Lhotsky Street and Charnwood Place","Charnwood","07/09/2021 - Tuesday",10:00:00,11:00:00,"Casual",-35.2056325,149.0332572,NA,FALSE,"yellow",2021-09-07,"Charnwood",7,36,5
"358",NA,"SPAR Express Ngunnawal","Ngunnawal Local Centre, Wanganeen Avenue","Ngunnawal","07/09/2021 - Tuesday",19:50:00,21:00:00,"Monitor",-35.173951,149.108155,NA,FALSE,"blue",2021-09-07,"Ngunnawal",7,36,1
"359",NA,"Woolworths Conder","Lanyon Marketplace, 4 Sidney Nolan Street","Conder","07/09/2021 - Tuesday",12:20:00,13:10:00,"Monitor",-35.457644,149.092336,"<strong/>!Location has more than<br> one entry. Zoom in and search table!</strong/>",TRUE,"blue",2021-09-07,"Conder",7,36,25
"360",NA,"Woolworths Erindale","50-68 Comrie Street","Wanniassa","07/09/2021 - Tuesday",11:30:00,12:00:00,"Monitor",-35.4035739,149.098602,NA,FALSE,"blue",2021-09-07,"Wanniassa",7,36,17
"361",NA,"Woolworths Erindale","Erindale Shopping Centre, 50-68 Comrie Street","Wanniassa","07/09/2021 - Tuesday",14:30:00,15:30:00,"Monitor",-35.4035739,149.098677,NA,FALSE,"blue",2021-09-07,"Wanniassa",7,36,17
"362","New","The Pharmacy on Franklin","18-20 Franklin Street","Griffith","06/09/2021 - Monday",13:30:00,14:30:00,"Casual",-35.3202683,149.1334914,NA,FALSE,"yellow",2021-09-06,"Griffith",6,36,11
"363",NA,"Woolworths Conder","Lanyon Marketplace, 4 Sidney Nolan Street","Conder","06/09/2021 - Monday",11:56:00,12:45:00,"Monitor",-35.457644,149.092311,NA,FALSE,"blue",2021-09-06,"Conder",6,36,25
"364",NA,"Woolworths Kippax","Kippax Fair Shopping Centre, 26 Hardwick Crescent","Holt","06/09/2021 - Monday",10:10:00,10:50:00,"Monitor",-35.2218013,149.0193363,"<strong/>!Location has more than<br> one entry. Zoom in and search table!</strong/>",TRUE,"blue",2021-09-06,"Holt",6,36,13
"365",NA,"ALDI Conder","9 Sidney Nolan Street","Conder","04/09/2021 - Saturday",08:25:00,09:30:00,"Casual",-35.4565418,149.093431,NA,FALSE,"yellow",2021-09-04,"Conder",4,36,25
"366",NA,"Woolworths Kippax","Kippax Fair Shopping Centre, 26 Hardwick Crescent","Holt","03/09/2021 - Friday",11:50:00,12:20:00,"Monitor",-35.2218013,149.0193363,NA,FALSE,"blue",2021-09-03,"Holt",3,36,13
"367",NA,"Coles Express Belconnen","Lathlain Street and Wignall Place","Belconnen","01/09/2021 - Wednesday",13:45:00,14:45:00,"Monitor",-35.242649,149.063936,NA,FALSE,"blue",2021-09-01,"Belconnen",1,35,28
"368",NA,"Assembly The People's Pub","11 Lonsdale Street","Braddon","07/08/2021 - Saturday",19:00:00,23:59:00,NA,-35.2743976,149.1322968,NA,FALSE,NA,2021-08-07,"Braddon",7,32,6
